0,1,2,3,4
a,a,h,e,d
a,a,l,i,i
a,a,r,g,h
a,a,r,t,i
a,b,a,c,a
a,b,a,c,i
a,b,a,c,k
a,b,a,f,t
a,b,a,k,a
a,b,a,m,p
a,b,a,n,d
a,b,a,s,e
a,b,a,s,h
a,b,a,s,k
a,b,a,t,e
a,b,a,y,a
a,b,b,e,d
a,b,b,e,y
a,b,b,o,t
a,b,c,e,e
a,b,e,a,m
a,b,e,a,r
a,b,e,l,e
a,b,h,o,r
a,b,i,d,e
a,b,i,e,s
a,b,l,e,d
a,b,l,e,r
a,b,l,e,t
a,b,l,o,w
a,b,m,h,o
a,b,o,d,e
a,b,o,h,m
a,b,o,i,l
a,b,o,m,a
a,b,o,o,n
a,b,o,r,d
a,b,o,r,e
a,b,o,r,t
a,b,o,u,t
a,b,o,v,e
a,b,r,a,m
a,b,r,a,y
a,b,r,i,m
a,b,r,i,n
a,b,s,e,y
a,b,s,i,t
a,b,u,n,a
a,b,u,n,e
a,b,u,s,e
a,b,u,z,z
a,b,y,s,m
a,c,a,r,i
a,c,c,o,y
a,c,e,r,b
a,c,e,t,a
a,c,h,a,r
a,c,h,e,d
a,c,h,o,o
a,c,i,d,y
a,c,i,n,g
a,c,i,n,i
a,c,k,e,e
a,c,k,e,r
a,c,m,i,c
a,c,n,e,d
a,c,o,c,k
a,c,o,l,d
a,c,o,r,n
a,c,r,e,d
a,c,r,i,d
a,c,t,e,d
a,c,t,i,n
a,c,t,o,n
a,c,t,o,r
a,c,u,t,e
a,d,a,g,e
a,d,a,p,t
a,d,a,y,s
a,d,b,o,t
a,d,d,a,x
a,d,d,e,d
a,d,d,e,r
a,d,d,i,o
a,d,d,l,e
a,d,e,e,m
a,d,e,p,t
a,d,h,a,n
a,d,i,e,u
a,d,i,o,s
a,d,m,a,n
a,d,m,e,n
a,d,m,i,n
a,d,m,i,t
a,d,m,i,x
a,d,o,b,e
a,d,o,b,o
a,d,o,p,t
a,d,o,r,e
a,d,o,r,n
a,d,o,w,n
a,d,o,z,e
a,d,r,a,d
a,d,r,e,d
a,d,s,u,m
a,d,u,k,i
a,d,u,l,t
a,d,u,n,c
a,d,u,s,t
a,d,v,e,w
a,d,y,t,a
a,d,z,e,d
a,e,c,i,a
a,e,d,e,s
a,e,g,i,s
a,e,r,i,e
a,e,s,i,r
a,f,a,l,d
a,f,a,r,a
a,f,e,a,r
a,f,f,i,x
a,f,i,r,e
a,f,l,a,j
a,f,o,o,t
a,f,o,r,e
a,f,o,u,l
a,f,r,i,t
a,f,t,e,r
a,g,a,i,n
a,g,a,m,a
a,g,a,m,i
a,g,a,p,e
a,g,a,s,t
a,g,a,t,e
a,g,a,v,e
a,g,a,z,e
a,g,e,n,e
a,g,e,n,t
a,g,g,e,r
a,g,g,i,e
a,g,g,r,i
a,g,g,r,o
a,g,g,r,y
a,g,i,l,a
a,g,i,l,e
a,g,i,n,g
a,g,i,s,m
a,g,i,s,t
a,g,i,t,a
a,g,l,e,e
a,g,l,e,t
a,g,l,e,y
a,g,l,o,o
a,g,l,o,w
a,g,o,g,e
a,g,o,n,e
a,g,o,n,y
a,g,o,o,d
a,g,o,r,a
a,g,r,e,e
a,g,r,i,a
a,g,r,i,n
a,g,u,e,d
a,g,u,n,a
a,g,u,t,i
a,h,e,a,d
a,h,e,a,p
a,h,e,n,t
a,h,i,g,h
a,h,i,n,d
a,h,i,n,g
a,h,i,n,t
a,h,o,l,d
a,h,u,l,l
a,h,u,r,u
a,i,d,e,d
a,i,d,e,r
a,i,d,o,i
a,i,d,o,s
a,i,e,r,y
a,i,g,h,t
a,i,l,e,d
a,i,m,e,d
a,i,m,e,r
a,i,n,e,e
a,i,n,g,a
a,i,o,l,i
a,i,r,e,d
a,i,r,e,r
a,i,r,t,h
a,i,s,l,e
a,i,t,c,h
a,i,v,e,r
a,i,y,e,e
a,i,z,l,e
a,j,i,e,s
a,j,i,v,a
a,j,u,g,a
a,j,w,a,n
a,k,e,l,a
a,k,e,n,e
a,k,i,n,g
a,k,i,t,a
a,k,k,a,s
a,l,a,a,p
a,l,a,c,k
a,l,a,m,o
a,l,a,n,d
a,l,a,n,e
a,l,a,n,g
a,l,a,n,t
a,l,a,p,a
a,l,a,r,m
a,l,a,r,y
a,l,a,t,e
a,l,b,e,e
a,l,b,u,m
a,l,c,i,d
a,l,d,e,a
a,l,d,e,r
a,l,d,o,l
a,l,e,c,k
a,l,e,f,t
a,l,e,p,h
a,l,e,r,t
a,l,e,y,e
a,l,g,a,e
a,l,g,a,l
a,l,g,i,d
a,l,g,i,n
a,l,g,o,r
a,l,g,u,m
a,l,i,a,s
a,l,i,b,i
a,l,i,e,n
a,l,i,g,n
a,l,i,k,e
a,l,i,n,e
a,l,i,s,t
a,l,i,v,e
a,l,i,y,a
a,l,k,i,e
a,l,k,y,d
a,l,k,y,l
a,l,l,a,y
a,l,l,e,e
a,l,l,e,l
a,l,l,e,y
a,l,l,i,s
a,l,l,o,d
a,l,l,o,t
a,l,l,o,w
a,l,l,o,y
a,l,l,y,l
a,l,m,a,h
a,l,m,e,h
a,l,m,u,d
a,l,m,u,g
a,l,o,e,d
a,l,o,f,t
a,l,o,h,a
a,l,o,i,n
a,l,o,n,e
a,l,o,n,g
a,l,o,o,f
a,l,o,u,d
a,l,o,w,e
a,l,p,h,a
a,l,t,a,r
a,l,t,e,r
a,l,t,h,o
a,l,u,l,a
a,l,u,r,e
a,l,v,a,r
a,l,w,a,y
a,m,a,i,n
a,m,a,t,e
a,m,a,u,t
a,m,a,z,e
a,m,b,a,n
a,m,b,e,r
a,m,b,i,t
a,m,b,l,e
a,m,b,r,y
a,m,e,b,a
a,m,e,e,r
a,m,e,n,d
a,m,e,n,e
a,m,e,n,t
a,m,i,c,e
a,m,i,c,i
a,m,i,d,e
a,m,i,d,o
a,m,i,g,a
a,m,i,g,o
a,m,i,n,e
a,m,i,n,o
a,m,i,t,y
a,m,m,a,n
a,m,m,o,n
a,m,n,i,a
a,m,n,i,c
a,m,n,i,o
a,m,o,l,e
a,m,o,n,g
a,m,o,r,t
a,m,o,u,r
a,m,o,v,e
a,m,o,w,t
a,m,p,e,d
a,m,p,l,e
a,m,p,l,y
a,m,p,u,l
a,m,r,i,t
a,m,u,c,k
a,m,u,s,e
a,n,a,n,a
a,n,a,t,a
a,n,c,h,o
a,n,c,l,e
a,n,c,o,n
a,n,d,r,o
a,n,e,a,r
a,n,e,l,e
a,n,e,n,t
a,n,g,e,l
a,n,g,e,r
a,n,g,l,e
a,n,g,l,o
a,n,g,r,y
a,n,g,s,t
a,n,i,g,h
a,n,i,l,e
a,n,i,m,a
a,n,i,m,e
a,n,i,m,i
a,n,i,o,n
a,n,i,s,e
a,n,k,e,r
a,n,k,l,e
a,n,k,u,s
a,n,l,a,s
a,n,n,a,l
a,n,n,a,t
a,n,n,e,x
a,n,n,o,y
a,n,n,u,l
a,n,o,d,e
a,n,o,l,e
a,n,o,m,y
a,n,s,a,e
a,n,t,a,e
a,n,t,a,r
a,n,t,e,d
a,n,t,i,c
a,n,t,r,a
a,n,t,r,e
a,n,t,s,y
a,n,u,r,a
a,n,v,i,l
a,n,y,o,n
a,o,r,t,a
a,p,a,c,e
a,p,a,g,e
a,p,a,i,d
a,p,a,r,t
a,p,a,y,d
a,p,e,a,k
a,p,e,e,k
a,p,e,r,t
a,p,e,r,y
a,p,g,a,r
a,p,h,i,d
a,p,h,i,s
a,p,i,a,n
a,p,i,n,g
a,p,i,o,l
a,p,i,s,h
a,p,i,s,m
a,p,n,e,a
a,p,o,d,e
a,p,o,o,p
a,p,o,r,t
a,p,p,a,l
a,p,p,a,y
a,p,p,e,l
a,p,p,l,e
a,p,p,l,y
a,p,p,r,o
a,p,p,u,i
a,p,p,u,y
a,p,r,e,s
a,p,r,o,n
a,p,s,i,s
a,p,t,e,d
a,p,t,e,r
a,p,t,l,y
a,q,u,a,e
a,r,a,b,a
a,r,a,m,e
a,r,b,o,r
a,r,c,e,d
a,r,c,h,i
a,r,c,u,s
a,r,d,e,b
a,r,d,o,r
a,r,d,r,i
a,r,e,a,d
a,r,e,a,e
a,r,e,a,l
a,r,e,a,r
a,r,e,c,a
a,r,e,d,d
a,r,e,d,e
a,r,e,f,y
a,r,e,i,c
a,r,e,n,a
a,r,e,n,e
a,r,e,p,a
a,r,e,r,e
a,r,e,t,e
a,r,e,t,t
a,r,g,a,l
a,r,g,a,n
a,r,g,i,l
a,r,g,l,e
a,r,g,o,l
a,r,g,o,n
a,r,g,o,t
a,r,g,u,e
a,r,g,u,s
a,r,h,a,t
a,r,i,e,l
a,r,i,k,i
a,r,i,o,t
a,r,i,s,e
a,r,i,s,h
a,r,k,e,d
a,r,l,e,d
a,r,m,e,d
a,r,m,e,r
a,r,m,e,t
a,r,m,i,l
a,r,m,o,r
a,r,n,u,t
a,r,o,b,a
a,r,o,h,a
a,r,o,i,d
a,r,o,m,a
a,r,o,s,e
a,r,p,e,n
a,r,r,a,h
a,r,r,a,s
a,r,r,a,y
a,r,r,e,t
a,r,r,i,s
a,r,r,o,w
a,r,r,o,z
a,r,s,e,d
a,r,s,e,y
a,r,s,i,s
a,r,s,o,n
a,r,t,a,l
a,r,t,e,l
a,r,t,i,c
a,r,t,s,y
a,r,u,h,e
a,r,v,a,l
a,r,v,e,e
a,s,a,n,a
a,s,c,o,n
a,s,c,o,t
a,s,c,u,s
a,s,d,i,c
a,s,h,e,d
a,s,h,e,n
a,s,h,e,s
a,s,h,e,t
a,s,i,d,e
a,s,k,e,d
a,s,k,e,r
a,s,k,e,w
a,s,k,o,i
a,s,k,o,s
a,s,p,e,n
a,s,p,e,r
a,s,p,i,c
a,s,p,i,e
a,s,p,i,s
a,s,p,r,o
a,s,s,a,i
a,s,s,a,m
a,s,s,a,y
a,s,s,e,s
a,s,s,e,t
a,s,s,e,z
a,s,s,o,t
a,s,t,e,r
a,s,t,i,r
a,s,t,u,n
a,s,u,r,a
a,s,w,a,y
a,s,w,i,m
a,s,y,l,a
a,t,a,x,y
a,t,i,g,i
a,t,i,l,t
a,t,i,m,y
a,t,l,a,s
a,t,m,a,n
a,t,m,o,s
a,t,o,k,e
a,t,o,l,l
a,t,o,m,y
a,t,o,n,e
a,t,o,n,y
a,t,o,p,y
a,t,r,i,a
a,t,r,i,p
a,t,t,a,p
a,t,t,a,r
a,t,t,i,c
a,u,d,a,d
a,u,d,i,o
a,u,d,i,t
a,u,g,e,r
a,u,g,h,t
a,u,g,u,r
a,u,l,i,c
a,u,l,o,i
a,u,l,o,s
a,u,m,i,l
a,u,n,t,y
a,u,r,a,e
a,u,r,a,l
a,u,r,a,r
a,u,r,e,i
a,u,r,e,s
a,u,r,i,c
a,u,r,i,s
a,u,r,u,m
a,u,x,i,n
a,v,a,i,l
a,v,a,l,e
a,v,a,n,t
a,v,a,s,t
a,v,e,n,s
a,v,e,r,t
a,v,g,a,s
a,v,i,a,n
a,v,i,n,e
a,v,i,o,n
a,v,i,s,e
a,v,i,s,o
a,v,i,z,e
a,v,o,i,d
a,v,y,z,e
a,w,a,i,t
a,w,a,k,e
a,w,a,r,d
a,w,a,r,e
a,w,a,r,n
a,w,a,s,h
a,w,a,t,o
a,w,a,v,e
a,w,e,e,l
a,w,e,t,o
a,w,f,u,l
a,w,i,n,g
a,w,m,r,y
a,w,n,e,d
a,w,n,e,r
a,w,o,k,e
a,w,o,r,k
a,x,i,a,l
a,x,i,l,e
a,x,i,n,g
a,x,i,o,m
a,x,i,o,n
a,x,i,t,e
a,x,l,e,d
a,x,m,a,n
a,x,m,e,n
a,x,o,i,d
a,x,o,n,e
a,y,a,y,a
a,y,e,l,p
a,y,g,r,e
a,y,o,n,t
a,y,r,i,e
a,z,i,d,e
a,z,i,d,o
a,z,i,n,e
a,z,l,o,n
a,z,o,i,c
a,z,o,l,e
a,z,o,t,e
a,z,o,t,h
a,z,u,k,i
a,z,u,r,e
a,z,u,r,n
a,z,u,r,y
a,z,y,g,y
a,z,y,m,e
b,a,a,e,d
b,a,b,e,l
b,a,b,k,a
b,a,b,o,o
b,a,b,u,l
b,a,c,c,a
b,a,c,c,o
b,a,c,c,y
b,a,c,h,a
b,a,c,o,n
b,a,d,d,y
b,a,d,g,e
b,a,d,l,y
b,a,f,f,y
b,a,g,e,l
b,a,g,g,y
b,a,g,i,e
b,a,h,u,t
b,a,i,r,n
b,a,i,s,a
b,a,i,t,h
b,a,i,z,a
b,a,i,z,e
b,a,j,a,n
b,a,j,r,a
b,a,j,r,i
b,a,k,e,d
b,a,k,e,n
b,a,k,e,r
b,a,k,r,a
b,a,l,a,s
b,a,l,d,y
b,a,l,e,d
b,a,l,e,r
b,a,l,k,y
b,a,l,l,y
b,a,l,m,y
b,a,l,o,o
b,a,l,s,a
b,a,l,t,i
b,a,l,u,n
b,a,m,b,i
b,a,n,a,k
b,a,n,a,l
b,a,n,c,o
b,a,n,d,a
b,a,n,d,h
b,a,n,d,y
b,a,n,e,d
b,a,n,i,a
b,a,n,j,o
b,a,n,n,s
b,a,n,t,u
b,a,n,t,y
b,a,n,y,a
b,a,r,b,e
b,a,r,b,y
b,a,r,c,a
b,a,r,d,e
b,a,r,d,o
b,a,r,d,y
b,a,r,e,d
b,a,r,e,r
b,a,r,f,i
b,a,r,g,e
b,a,r,i,c
b,a,r,k,y
b,a,r,m,y
b,a,r,n,y
b,a,r,o,n
b,a,r,r,a
b,a,r,r,e
b,a,r,r,o
b,a,r,r,y
b,a,r,y,e
b,a,s,a,l
b,a,s,a,n
b,a,s,e,d
b,a,s,e,n
b,a,s,e,r
b,a,s,h,o
b,a,s,i,c
b,a,s,i,j
b,a,s,i,l
b,a,s,i,n
b,a,s,i,s
b,a,s,o,n
b,a,s,s,e
b,a,s,s,i
b,a,s,s,o
b,a,s,s,y
b,a,s,t,a
b,a,s,t,e
b,a,s,t,i
b,a,s,t,o
b,a,t,c,h
b,a,t,e,d
b,a,t,h,e
b,a,t,i,k
b,a,t,o,n
b,a,t,t,a
b,a,t,t,u
b,a,t,t,y
b,a,u,l,k
b,a,v,i,n
b,a,w,d,y
b,a,w,t,y
b,a,y,e,d
b,a,y,e,r
b,a,y,l,e
b,a,y,o,u
b,a,z,a,r
b,a,z,o,o
b,e,a,c,h
b,e,a,d,y
b,e,a,k,y
b,e,a,m,y
b,e,a,n,o
b,e,a,n,y
b,e,a,r,d
b,e,a,r,e
b,e,a,s,t
b,e,a,t,h
b,e,a,t,y
b,e,a,u,t
b,e,a,u,x
b,e,b,o,p
b,e,c,a,p
b,e,c,k,e
b,e,d,a,d
b,e,d,e,l
b,e,d,e,w
b,e,d,i,m
b,e,d,y,e
b,e,e,c,h
b,e,e,d,i
b,e,e,f,y
b,e,e,r,y
b,e,f,i,t
b,e,f,o,g
b,e,g,a,d
b,e,g,a,n
b,e,g,a,r
b,e,g,a,t
b,e,g,e,m
b,e,g,e,t
b,e,g,i,n
b,e,g,o,t
b,e,g,u,m
b,e,g,u,n
b,e,i,g,e
b,e,i,g,y
b,e,i,n,g
b,e,k,a,h
b,e,l,a,h
b,e,l,a,r
b,e,l,a,y
b,e,l,c,h
b,e,l,e,e
b,e,l,g,a
b,e,l,i,e
b,e,l,l,e
b,e,l,l,y
b,e,l,o,n
b,e,l,o,w
b,e,m,a,d
b,e,m,i,x
b,e,m,u,d
b,e,n,c,h
b,e,n,d,y
b,e,n,e,t
b,e,n,g,a
b,e,n,n,e
b,e,n,n,i
b,e,n,n,y
b,e,n,t,o
b,e,n,t,y
b,e,p,a,t
b,e,r,a,y
b,e,r,e,t
b,e,r,k,o
b,e,r,m,e
b,e,r,o,b
b,e,r,r,y
b,e,r,t,h
b,e,r,y,l
b,e,s,a,t
b,e,s,a,w
b,e,s,e,e
b,e,s,e,s
b,e,s,e,t
b,e,s,i,t
b,e,s,o,m
b,e,s,o,t
b,e,s,t,i
b,e,t,e,d
b,e,t,e,l
b,e,t,i,d
b,e,t,o,n
b,e,t,t,a
b,e,t,t,y
b,e,v,e,l
b,e,v,e,r
b,e,v,o,r
b,e,v,u,e
b,e,v,v,y
b,e,w,e,t
b,e,w,i,g
b,e,z,e,l
b,e,z,e,s
b,e,z,i,l
b,e,z,z,y
b,h,a,j,i
b,h,a,n,g
b,h,o,o,t
b,h,u,n,a
b,i,a,c,h
b,i,a,l,i
b,i,a,l,y
b,i,b,l,e
b,i,c,c,y
b,i,c,e,p
b,i,d,d,y
b,i,d,e,d
b,i,d,e,r
b,i,d,e,t
b,i,d,o,n
b,i,e,l,d
b,i,f,f,o
b,i,f,f,y
b,i,f,i,d
b,i,g,a,e
b,i,g,g,y
b,i,g,h,a
b,i,g,h,t
b,i,g,l,y
b,i,g,o,s
b,i,g,o,t
b,i,j,o,u
b,i,k,e,d
b,i,k,e,r
b,i,k,i,e
b,i,l,b,o
b,i,l,b,y
b,i,l,e,d
b,i,l,g,e
b,i,l,g,y
b,i,l,l,y
b,i,m,a,h
b,i,m,b,o
b,i,n,a,l
b,i,n,d,i
b,i,n,e,r
b,i,n,g,e
b,i,n,g,o
b,i,n,g,y
b,i,n,i,t
b,i,o,m,e
b,i,o,n,t
b,i,o,t,a
b,i,p,e,d
b,i,p,o,d
b,i,r,c,h
b,i,r,l,e
b,i,r,s,e
b,i,r,s,y
b,i,r,t,h
b,i,s,o,m
b,i,s,o,n
b,i,t,c,h
b,i,t,e,r
b,i,t,o,u
b,i,t,s,y
b,i,t,t,e
b,i,t,t,y
b,i,v,i,a
b,i,v,v,y
b,i,z,z,o
b,i,z,z,y
b,l,a,c,k
b,l,a,d,e
b,l,a,d,y
b,l,a,e,r
b,l,a,f,f
b,l,a,i,n
b,l,a,m,e
b,l,a,n,d
b,l,a,n,k
b,l,a,r,e
b,l,a,r,t
b,l,a,s,e
b,l,a,s,h
b,l,a,s,t
b,l,a,t,e
b,l,a,t,t
b,l,a,u,d
b,l,a,w,n
b,l,a,z,e
b,l,e,a,k
b,l,e,a,r
b,l,e,a,t
b,l,e,c,h
b,l,e,e,d
b,l,e,e,p
b,l,e,n,d
b,l,e,n,t
b,l,e,r,t
b,l,e,s,s
b,l,e,s,t
b,l,i,m,p
b,l,i,m,y
b,l,i,n,d
b,l,i,n,g
b,l,i,n,i
b,l,i,n,k
b,l,i,n,y
b,l,i,s,s
b,l,i,s,t
b,l,i,t,e
b,l,i,t,z
b,l,i,v,e
b,l,o,a,t
b,l,o,c,k
b,l,o,k,e
b,l,o,n,d
b,l,o,o,d
b,l,o,o,k
b,l,o,o,m
b,l,o,o,p
b,l,o,r,e
b,l,o,w,n
b,l,o,w,y
b,l,u,d,e
b,l,u,d,y
b,l,u,e,d
b,l,u,e,r
b,l,u,e,t
b,l,u,e,y
b,l,u,f,f
b,l,u,i,d
b,l,u,m,e
b,l,u,n,k
b,l,u,n,t
b,l,u,r,b
b,l,u,r,t
b,l,u,s,h
b,l,y,p,e
b,o,a,r,d
b,o,a,r,t
b,o,a,s,t
b,o,b,a,c
b,o,b,a,k
b,o,b,b,y
b,o,b,o,l
b,o,c,c,a
b,o,c,c,e
b,o,c,c,i
b,o,c,h,e
b,o,d,e,d
b,o,d,g,e
b,o,d,h,i
b,o,d,l,e
b,o,e,u,f
b,o,f,f,o
b,o,g,a,n
b,o,g,e,y
b,o,g,g,y
b,o,g,i,e
b,o,g,l,e
b,o,g,u,e
b,o,g,u,s
b,o,h,e,a
b,o,i,n,g
b,o,i,n,k
b,o,i,t,e
b,o,k,e,d
b,o,k,e,h
b,o,l,a,r
b,o,l,i,x
b,o,l,u,s
b,o,m,b,e
b,o,m,b,o
b,o,n,c,e
b,o,n,e,d
b,o,n,e,r
b,o,n,e,y
b,o,n,g,o
b,o,n,i,e
b,o,n,n,e
b,o,n,n,y
b,o,n,u,s
b,o,n,z,a
b,o,n,z,e
b,o,o,a,i
b,o,o,a,y
b,o,o,b,y
b,o,o,d,y
b,o,o,e,d
b,o,o,f,y
b,o,o,g,y
b,o,o,k,y
b,o,o,m,y
b,o,o,n,g
b,o,o,r,d
b,o,o,s,e
b,o,o,s,t
b,o,o,t,h
b,o,o,t,y
b,o,o,z,e
b,o,o,z,y
b,o,p,p,y
b,o,r,a,k
b,o,r,a,l
b,o,r,a,x
b,o,r,d,e
b,o,r,e,d
b,o,r,e,e
b,o,r,e,l
b,o,r,e,r
b,o,r,g,o
b,o,r,i,c
b,o,r,n,a
b,o,r,n,e
b,o,r,o,n
b,o,r,t,y
b,o,r,t,z
b,o,s,i,e
b,o,s,k,y
b,o,s,o,m
b,o,s,o,n
b,o,s,s,y
b,o,s,u,n
b,o,t,c,h
b,o,t,e,l
b,o,t,h,y
b,o,t,t,e
b,o,t,t,y
b,o,u,g,e
b,o,u,g,h
b,o,u,l,e
b,o,u,l,t
b,o,u,n,d
b,o,u,r,d
b,o,u,r,g
b,o,u,r,n
b,o,u,s,e
b,o,u,s,y
b,o,v,i,d
b,o,w,a,t
b,o,w,e,d
b,o,w,e,l
b,o,w,e,r
b,o,w,e,s
b,o,w,e,t
b,o,w,i,e
b,o,w,n,e
b,o,w,s,e
b,o,x,e,d
b,o,x,e,n
b,o,x,e,r
b,o,x,e,s
b,o,x,l,a
b,o,x,t,y
b,o,y,a,r
b,o,y,a,u
b,o,y,e,d
b,o,y,l,a
b,o,y,s,y
b,r,a,a,i
b,r,a,c,e
b,r,a,c,h
b,r,a,c,k
b,r,a,c,t
b,r,a,i,d
b,r,a,i,l
b,r,a,i,n
b,r,a,k,e
b,r,a,k,y
b,r,a,m,e
b,r,a,n,d
b,r,a,n,e
b,r,a,n,k
b,r,a,n,t
b,r,a,s,h
b,r,a,s,t
b,r,a,v,a
b,r,a,v,e
b,r,a,v,i
b,r,a,v,o
b,r,a,w,l
b,r,a,w,n
b,r,a,x,y
b,r,a,z,a
b,r,a,z,e
b,r,e,a,d
b,r,e,a,k
b,r,e,a,m
b,r,e,d,e
b,r,e,e,d
b,r,e,e,m
b,r,e,e,r
b,r,e,i,d
b,r,e,m,e
b,r,e,n,t
b,r,e,r,e
b,r,e,v,e
b,r,i,a,r
b,r,i,b,e
b,r,i,c,k
b,r,i,d,e
b,r,i,e,f
b,r,i,e,r
b,r,i,k,i
b,r,i,l,l
b,r,i,n,e
b,r,i,n,g
b,r,i,n,k
b,r,i,n,y
b,r,i,s,e
b,r,i,s,k
b,r,i,t,h
b,r,i,t,t
b,r,i,z,e
b,r,o,a,d
b,r,o,c,h
b,r,o,c,k
b,r,o,g,h
b,r,o,i,l
b,r,o,k,e
b,r,o,m,e
b,r,o,m,o
b,r,o,n,c
b,r,o,n,d
b,r,o,o,d
b,r,o,o,k
b,r,o,o,l
b,r,o,o,m
b,r,o,s,e
b,r,o,s,y
b,r,o,t,h
b,r,o,w,n
b,r,u,g,h
b,r,u,i,n
b,r,u,i,t
b,r,u,l,e
b,r,u,m,e
b,r,u,n,g
b,r,u,n,t
b,r,u,s,h
b,r,u,s,k
b,r,u,s,t
b,r,u,t,e
b,u,a,z,e
b,u,b,a,l
b,u,b,b,a
b,u,b,b,e
b,u,b,b,y
b,u,c,h,u
b,u,c,k,o
b,u,c,k,u
b,u,d,d,y
b,u,d,g,e
b,u,f,f,a
b,u,f,f,e
b,u,f,f,i
b,u,f,f,o
b,u,f,f,y
b,u,f,t,y
b,u,g,g,y
b,u,g,l,e
b,u,i,l,d
b,u,i,l,t
b,u,i,s,t
b,u,l,g,e
b,u,l,g,y
b,u,l,k,y
b,u,l,l,a
b,u,l,l,y
b,u,l,s,e
b,u,m,b,o
b,u,m,p,h
b,u,m,p,y
b,u,n,c,e
b,u,n,c,h
b,u,n,c,o
b,u,n,d,e
b,u,n,d,h
b,u,n,d,t
b,u,n,d,u
b,u,n,d,y
b,u,n,g,y
b,u,n,i,a
b,u,n,j,e
b,u,n,j,y
b,u,n,k,o
b,u,n,n,y
b,u,n,t,y
b,u,n,y,a
b,u,p,p,y
b,u,r,a,n
b,u,r,e,t
b,u,r,f,i
b,u,r,g,h
b,u,r,i,n
b,u,r,k,a
b,u,r,k,e
b,u,r,l,y
b,u,r,n,t
b,u,r,o,o
b,u,r,q,a
b,u,r,r,o
b,u,r,r,y
b,u,r,s,a
b,u,r,s,e
b,u,r,s,t
b,u,s,b,y
b,u,s,e,d
b,u,s,e,s
b,u,s,h,y
b,u,s,k,y
b,u,s,s,u
b,u,s,t,i
b,u,s,t,y
b,u,t,c,h
b,u,t,e,o
b,u,t,l,e
b,u,t,o,h
b,u,t,t,e
b,u,t,t,y
b,u,t,u,t
b,u,t,y,l
b,u,x,o,m
b,u,y,e,r
b,u,z,z,y
b,w,a,n,a
b,w,a,z,i
b,y,d,e,d
b,y,k,e,d
b,y,l,a,w
b,y,s,s,i
b,y,w,a,y
c,a,a,e,d
c,a,b,a,l
c,a,b,b,y
c,a,b,e,r
c,a,b,i,n
c,a,b,l,e
c,a,b,o,b
c,a,b,o,c
c,a,b,r,e
c,a,c,a,o
c,a,c,h,e
c,a,c,k,y
c,a,c,t,i
c,a,d,d,y
c,a,d,e,e
c,a,d,e,t
c,a,d,g,e
c,a,d,g,y
c,a,d,i,e
c,a,d,r,e
c,a,e,c,a
c,a,e,s,e
c,a,g,e,d
c,a,g,e,r
c,a,g,e,y
c,a,g,o,t
c,a,h,o,w
c,a,i,r,d
c,a,i,r,n
c,a,j,o,n
c,a,j,u,n
c,a,k,e,d
c,a,k,e,y
c,a,l,i,d
c,a,l,i,f
c,a,l,i,x
c,a,l,l,a
c,a,l,m,y
c,a,l,p,a
c,a,l,v,e
c,a,l,y,x
c,a,m,a,n
c,a,m,e,l
c,a,m,e,o
c,a,m,p,i
c,a,m,p,o
c,a,m,p,y
c,a,m,u,s
c,a,n,a,l
c,a,n,d,y
c,a,n,e,d
c,a,n,e,h
c,a,n,e,r
c,a,n,i,d
c,a,n,n,a
c,a,n,n,y
c,a,n,o,e
c,a,n,o,n
c,a,n,s,o
c,a,n,s,t
c,a,n,t,o
c,a,n,t,y
c,a,p,e,d
c,a,p,e,r
c,a,p,e,x
c,a,p,i,z
c,a,p,l,e
c,a,p,o,n
c,a,p,o,t
c,a,p,r,i
c,a,p,u,l
c,a,p,u,t
c,a,r,a,p
c,a,r,a,t
c,a,r,b,o
c,a,r,b,y
c,a,r,d,i
c,a,r,d,y
c,a,r,e,d
c,a,r,e,r
c,a,r,e,t
c,a,r,e,x
c,a,r,g,o
c,a,r,l,e
c,a,r,n,y
c,a,r,o,b
c,a,r,o,l
c,a,r,o,m
c,a,r,o,n
c,a,r,p,i
c,a,r,r,y
c,a,r,s,e
c,a,r,t,a
c,a,r,t,e
c,a,r,v,e
c,a,r,v,y
c,a,s,c,o
c,a,s,e,d
c,a,s,k,y
c,a,s,t,e
c,a,s,u,s
c,a,t,c,h
c,a,t,e,r
c,a,t,t,y
c,a,u,d,a
c,a,u,l,d
c,a,u,l,k
c,a,u,r,i
c,a,u,s,a
c,a,u,s,e
c,a,v,e,d
c,a,v,e,l
c,a,v,e,r
c,a,v,i,e
c,a,v,i,l
c,a,w,e,d
c,a,x,o,n
c,e,a,s,e
c,e,a,z,e
c,e,b,i,d
c,e,c,a,l
c,e,c,u,m
c,e,d,a,r
c,e,d,e,d
c,e,d,e,r
c,e,i,b,a
c,e,i,l,i
c,e,l,e,b
c,e,l,l,a
c,e,l,l,i
c,e,l,l,o
c,e,l,o,m
c,e,n,s,e
c,e,n,t,o
c,e,n,t,u
c,e,o,r,l
c,e,r,c,i
c,e,r,e,d
c,e,r,g,e
c,e,r,i,a
c,e,r,i,c
c,e,r,n,e
c,e,r,o,c
c,e,r,t,y
c,e,s,s,e
c,e,s,t,a
c,e,s,t,i
c,e,t,y,l
c,e,z,v,e
c,h,a,c,e
c,h,a,c,k
c,h,a,c,o
c,h,a,d,o
c,h,a,f,e
c,h,a,f,f
c,h,a,f,t
c,h,a,i,n
c,h,a,i,r
c,h,a,l,k
c,h,a,m,p
c,h,a,n,a
c,h,a,n,g
c,h,a,n,k
c,h,a,n,t
c,h,a,p,e
c,h,a,p,t
c,h,a,r,a
c,h,a,r,d
c,h,a,r,e
c,h,a,r,k
c,h,a,r,m
c,h,a,r,r
c,h,a,r,t
c,h,a,r,y
c,h,a,s,e
c,h,a,s,m
c,h,a,v,e
c,h,a,w,k
c,h,a,y,a
c,h,e,a,p
c,h,e,a,t
c,h,e,c,k
c,h,e,e,k
c,h,e,e,p
c,h,e,e,r
c,h,e,k,a
c,h,e,l,a
c,h,e,l,p
c,h,e,m,o
c,h,e,r,e
c,h,e,r,t
c,h,e,s,s
c,h,e,s,t
c,h,e,t,h
c,h,e,v,y
c,h,e,w,y
c,h,i,a,o
c,h,i,c,a
c,h,i,c,h
c,h,i,c,k
c,h,i,c,o
c,h,i,d,e
c,h,i,e,f
c,h,i,e,l
c,h,i,l,d
c,h,i,l,e
c,h,i,l,i
c,h,i,l,l
c,h,i,m,b
c,h,i,m,e
c,h,i,m,o
c,h,i,m,p
c,h,i,n,a
c,h,i,n,e
c,h,i,n,g
c,h,i,n,k
c,h,i,n,o
c,h,i,r,k
c,h,i,r,l
c,h,i,r,m
c,h,i,r,o
c,h,i,r,p
c,h,i,r,r
c,h,i,r,t
c,h,i,r,u
c,h,i,v,e
c,h,i,v,y
c,h,i,z,z
c,h,o,c,k
c,h,o,c,o
c,h,o,d,e
c,h,o,i,l
c,h,o,i,r
c,h,o,k,e
c,h,o,k,o
c,h,o,k,y
c,h,o,l,a
c,h,o,l,i
c,h,o,l,o
c,h,o,m,p
c,h,o,o,f
c,h,o,o,k
c,h,o,o,m
c,h,o,o,n
c,h,o,r,d
c,h,o,r,e
c,h,o,s,e
c,h,o,t,a
c,h,o,t,t
c,h,o,u,t
c,h,o,u,x
c,h,o,w,k
c,h,u,c,k
c,h,u,f,a
c,h,u,f,f
c,h,u,m,p
c,h,u,n,k
c,h,u,r,l
c,h,u,r,n
c,h,u,r,r
c,h,u,s,e
c,h,u,t,e
c,h,y,l,e
c,h,y,m,e
c,h,y,n,d
c,i,b,o,l
c,i,d,e,d
c,i,d,e,r
c,i,g,a,r
c,i,g,g,y
c,i,l,i,a
c,i,m,a,r
c,i,m,e,x
c,i,n,c,h
c,i,n,c,t
c,i,p,p,i
c,i,r,c,a
c,i,r,c,s
c,i,r,r,i
c,i,s,c,o
c,i,s,s,y
c,i,t,a,l
c,i,t,e,d
c,i,t,e,r
c,i,v,e,t
c,i,v,i,c
c,i,v,i,e
c,i,v,i,l
c,i,v,v,y
c,l,a,c,h
c,l,a,c,k
c,l,a,d,e
c,l,a,e,s
c,l,a,i,m
c,l,a,m,e
c,l,a,m,p
c,l,a,n,g
c,l,a,n,k
c,l,a,p,t
c,l,a,r,o
c,l,a,r,t
c,l,a,r,y
c,l,a,s,h
c,l,a,s,p
c,l,a,s,s
c,l,a,s,t
c,l,a,u,t
c,l,a,v,e
c,l,a,v,i
c,l,e,a,n
c,l,e,a,r
c,l,e,a,t
c,l,e,c,k
c,l,e,e,k
c,l,e,e,p
c,l,e,f,t
c,l,e,i,k
c,l,e,p,e
c,l,e,p,t
c,l,e,r,k
c,l,e,v,e
c,l,i,c,k
c,l,i,e,d
c,l,i,e,s
c,l,i,f,f
c,l,i,f,t
c,l,i,m,b
c,l,i,m,e
c,l,i,n,e
c,l,i,n,g
c,l,i,n,k
c,l,i,n,t
c,l,i,p,e
c,l,i,p,t
c,l,o,a,k
c,l,o,a,m
c,l,o,c,k
c,l,o,f,f
c,l,o,k,e
c,l,o,m,b
c,l,o,m,p
c,l,o,n,e
c,l,o,n,k
c,l,o,o,p
c,l,o,o,t
c,l,o,s,e
c,l,o,t,e
c,l,o,t,h
c,l,o,u,d
c,l,o,u,r
c,l,o,u,t
c,l,o,v,e
c,l,o,w,n
c,l,o,y,e
c,l,o,z,e
c,l,u,c,k
c,l,u,e,d
c,l,u,e,y
c,l,u,m,p
c,l,u,n,g
c,l,u,n,k
c,l,y,p,e
c,n,i,d,a
c,o,a,c,h
c,o,a,c,t
c,o,a,d,y
c,o,a,l,a
c,o,a,l,y
c,o,a,p,t
c,o,a,r,b
c,o,a,s,t
c,o,a,t,e
c,o,a,t,i
c,o,b,b,y
c,o,b,i,a
c,o,b,l,e
c,o,b,r,a
c,o,b,z,a
c,o,c,c,i
c,o,c,c,o
c,o,c,k,y
c,o,c,o,a
c,o,d,e,c
c,o,d,e,d
c,o,d,e,n
c,o,d,e,r
c,o,d,e,x
c,o,d,o,n
c,o,g,i,e
c,o,g,o,n
c,o,g,u,e
c,o,h,a,b
c,o,h,e,n
c,o,h,o,e
c,o,h,o,g
c,o,i,g,n
c,o,k,e,d
c,o,l,b,y
c,o,l,e,d
c,o,l,e,y
c,o,l,i,c
c,o,l,i,n
c,o,l,l,y
c,o,l,o,g
c,o,l,o,n
c,o,l,o,r
c,o,l,z,a
c,o,m,a,e
c,o,m,a,l
c,o,m,b,e
c,o,m,b,i
c,o,m,b,o
c,o,m,b,y
c,o,m,e,r
c,o,m,e,t
c,o,m,f,y
c,o,m,i,c
c,o,m,i,x
c,o,m,m,a
c,o,m,m,o
c,o,m,m,y
c,o,m,p,o
c,o,m,p,t
c,o,m,t,e
c,o,m,u,s
c,o,n,c,h
c,o,n,d,o
c,o,n,e,d
c,o,n,e,y
c,o,n,g,a
c,o,n,g,e
c,o,n,g,o
c,o,n,i,a
c,o,n,i,c
c,o,n,i,n
c,o,n,k,y
c,o,n,n,e
c,o,n,t,e
c,o,n,t,o
c,o,n,u,s
c,o,n,v,o
c,o,o,c,h
c,o,o,e,d
c,o,o,e,e
c,o,o,e,r
c,o,o,e,y
c,o,o,k,y
c,o,o,l,y
c,o,o,m,b
c,o,o,m,y
c,o,o,p,t
c,o,o,s,t
c,o,o,z,e
c,o,p,a,l
c,o,p,a,y
c,o,p,e,d
c,o,p,e,n
c,o,p,e,r
c,o,p,p,y
c,o,p,r,a
c,o,p,s,e
c,o,p,s,y
c,o,q,u,i
c,o,r,a,l
c,o,r,a,m
c,o,r,b,e
c,o,r,b,y
c,o,r,e,d
c,o,r,e,r
c,o,r,e,y
c,o,r,g,i
c,o,r,i,a
c,o,r,k,y
c,o,r,n,i
c,o,r,n,o
c,o,r,n,u
c,o,r,n,y
c,o,r,p,s
c,o,r,s,e
c,o,r,s,o
c,o,s,e,c
c,o,s,e,d
c,o,s,e,t
c,o,s,e,y
c,o,s,i,e
c,o,s,t,a
c,o,s,t,e
c,o,t,a,n
c,o,t,e,d
c,o,t,t,a
c,o,u,c,h
c,o,u,d,e
c,o,u,g,h
c,o,u,l,d
c,o,u,n,t
c,o,u,p,e
c,o,u,r,b
c,o,u,r,d
c,o,u,r,e
c,o,u,r,t
c,o,u,t,a
c,o,u,t,h
c,o,v,e,d
c,o,v,e,n
c,o,v,e,r
c,o,v,e,t
c,o,v,e,y
c,o,v,i,n
c,o,w,a,l
c,o,w,a,n
c,o,w,e,d
c,o,w,e,r
c,o,w,r,y
c,o,x,a,e
c,o,x,a,l
c,o,x,e,d
c,o,x,e,s
c,o,x,i,b
c,o,y,a,u
c,o,y,e,d
c,o,y,e,r
c,o,y,l,y
c,o,y,p,u
c,o,z,e,d
c,o,z,e,n
c,o,z,e,y
c,o,z,i,e
c,r,a,a,l
c,r,a,c,k
c,r,a,f,t
c,r,a,i,c
c,r,a,i,g
c,r,a,k,e
c,r,a,m,e
c,r,a,m,p
c,r,a,n,e
c,r,a,n,k
c,r,a,p,e
c,r,a,p,y
c,r,a,r,e
c,r,a,s,h
c,r,a,s,s
c,r,a,t,e
c,r,a,v,e
c,r,a,w,l
c,r,a,z,e
c,r,a,z,y
c,r,e,a,k
c,r,e,a,m
c,r,e,d,o
c,r,e,e,d
c,r,e,e,k
c,r,e,e,l
c,r,e,e,p
c,r,e,m,e
c,r,e,n,a
c,r,e,p,e
c,r,e,p,s
c,r,e,p,t
c,r,e,p,y
c,r,e,s,s
c,r,e,s,t
c,r,e,w,e
c,r,i,c,k
c,r,i,e,d
c,r,i,e,r
c,r,i,e,s
c,r,i,m,e
c,r,i,m,p
c,r,i,n,e
c,r,i,o,s
c,r,i,p,e
c,r,i,s,e
c,r,i,s,p
c,r,i,t,h
c,r,o,a,k
c,r,o,c,i
c,r,o,c,k
c,r,o,f,t
c,r,o,m,b
c,r,o,m,e
c,r,o,n,e
c,r,o,n,k
c,r,o,n,y
c,r,o,o,k
c,r,o,o,l
c,r,o,o,n
c,r,o,r,e
c,r,o,s,s
c,r,o,s,t
c,r,o,u,p
c,r,o,u,t
c,r,o,w,d
c,r,o,w,n
c,r,o,z,e
c,r,u,c,k
c,r,u,d,e
c,r,u,d,o
c,r,u,d,y
c,r,u,e,l
c,r,u,e,t
c,r,u,f,t
c,r,u,m,b
c,r,u,m,p
c,r,u,n,k
c,r,u,o,r
c,r,u,r,a
c,r,u,s,e
c,r,u,s,h
c,r,u,s,t
c,r,u,s,y
c,r,u,v,e
c,r,w,t,h
c,r,y,e,r
c,r,y,p,t
c,t,e,n,e
c,u,b,b,y
c,u,b,e,b
c,u,b,e,d
c,u,b,e,r
c,u,b,i,c
c,u,b,i,t
c,u,d,d,y
c,u,f,f,o
c,u,i,n,g
c,u,i,s,h
c,u,l,c,h
c,u,l,e,t
c,u,l,e,x
c,u,l,l,y
c,u,l,p,a
c,u,l,t,i
c,u,l,t,y
c,u,m,e,c
c,u,m,i,n
c,u,n,d,y
c,u,n,e,i
c,u,n,i,t
c,u,p,e,l
c,u,p,i,d
c,u,p,p,a
c,u,p,p,y
c,u,r,a,t
c,u,r,c,h
c,u,r,d,y
c,u,r,e,d
c,u,r,e,r
c,u,r,e,t
c,u,r,i,a
c,u,r,i,e
c,u,r,i,o
c,u,r,l,i
c,u,r,l,y
c,u,r,n,y
c,u,r,r,y
c,u,r,s,e
c,u,r,s,i
c,u,r,s,t
c,u,r,v,e
c,u,r,v,y
c,u,s,e,c
c,u,s,h,y
c,u,s,p,y
c,u,s,s,o
c,u,s,u,m
c,u,t,c,h
c,u,t,e,r
c,u,t,e,y
c,u,t,i,e
c,u,t,i,n
c,u,t,i,s
c,u,t,t,o
c,u,t,t,y
c,u,t,u,p
c,u,v,e,e
c,u,z,e,s
c,w,t,c,h
c,y,a,n,o
c,y,b,e,r
c,y,c,a,d
c,y,c,a,s
c,y,c,l,e
c,y,c,l,o
c,y,d,e,r
c,y,l,i,x
c,y,m,a,e
c,y,m,a,r
c,y,m,o,l
c,y,n,i,c
c,y,t,o,n
d,a,b,b,a
d,a,c,h,a
d,a,d,a,h
d,a,d,d,y
d,a,f,f,y
d,a,g,g,a
d,a,g,g,y
d,a,i,k,o
d,a,i,l,y
d,a,i,n,e
d,a,i,n,t
d,a,i,r,y
d,a,i,s,y
d,a,k,e,r
d,a,l,e,d
d,a,l,l,e
d,a,l,l,y
d,a,m,a,n
d,a,m,a,r
d,a,m,m,e
d,a,m,p,y
d,a,n,c,e
d,a,n,c,y
d,a,n,d,y
d,a,n,i,o
d,a,n,n,y
d,a,r,a,f
d,a,r,c,y
d,a,r,e,d
d,a,r,e,r
d,a,r,g,a
d,a,r,i,c
d,a,r,k,y
d,a,r,r,e
d,a,r,z,i
d,a,s,h,i
d,a,s,h,y
d,a,t,a,l
d,a,t,e,d
d,a,t,e,r
d,a,t,t,o
d,a,t,u,m
d,a,u,b,e
d,a,u,b,y
d,a,u,l,t
d,a,u,n,t
d,a,v,e,n
d,a,v,i,t
d,a,w,a,h
d,a,w,e,d
d,a,w,e,n
d,a,y,a,n
d,a,y,c,h
d,a,y,n,t
d,a,z,e,d
d,a,z,e,r
d,e,a,i,r
d,e,a,l,t
d,e,a,r,e
d,e,a,r,n
d,e,a,r,y
d,e,a,s,h
d,e,a,t,h
d,e,a,v,e
d,e,a,w,y
d,e,b,a,g
d,e,b,a,r
d,e,b,b,y
d,e,b,e,l
d,e,b,i,t
d,e,b,u,d
d,e,b,u,g
d,e,b,u,r
d,e,b,u,s
d,e,b,u,t
d,e,b,y,e
d,e,c,a,d
d,e,c,a,f
d,e,c,a,l
d,e,c,a,n
d,e,c,a,y
d,e,c,k,o
d,e,c,o,r
d,e,c,o,y
d,e,c,r,y
d,e,d,a,l
d,e,e,d,y
d,e,e,l,y
d,e,e,r,e
d,e,e,v,e
d,e,f,a,t
d,e,f,e,r
d,e,f,f,o
d,e,f,o,g
d,e,g,a,s
d,e,g,u,m
d,e,i,c,e
d,e,i,f,y
d,e,i,g,n
d,e,i,s,m
d,e,i,s,t
d,e,i,t,y
d,e,k,e,d
d,e,k,k,o
d,e,l,a,y
d,e,l,e,d
d,e,l,f,t
d,e,l,l,y
d,e,l,p,h
d,e,l,t,a
d,e,l,v,e
d,e,m,a,n
d,e,m,i,c
d,e,m,i,t
d,e,m,o,b
d,e,m,o,i
d,e,m,o,n
d,e,m,p,t
d,e,m,u,r
d,e,n,a,r
d,e,n,a,y
d,e,n,c,h
d,e,n,e,t
d,e,n,i,m
d,e,n,s,e
d,e,o,x,y
d,e,p,o,t
d,e,p,t,h
d,e,r,a,t
d,e,r,a,y
d,e,r,b,y
d,e,r,e,d
d,e,r,i,g
d,e,r,m,a
d,e,r,n,y
d,e,r,r,o
d,e,r,r,y
d,e,r,t,h
d,e,s,e,x
d,e,s,h,i
d,e,s,s,e
d,e,t,e,r
d,e,t,o,x
d,e,u,c,e
d,e,v,e,l
d,e,v,i,l
d,e,v,o,n
d,e,v,o,t
d,e,w,a,n
d,e,w,a,r
d,e,w,a,x
d,e,w,e,d
d,e,x,e,s
d,e,x,i,e
d,h,a,b,a
d,h,i,k,r
d,h,o,b,i
d,h,o,l,e
d,h,o,l,l
d,h,o,t,i
d,h,u,t,i
d,i,a,c,t
d,i,a,n,e
d,i,a,r,y
d,i,a,z,o
d,i,b,b,s
d,i,c,e,d
d,i,c,e,r
d,i,c,e,y
d,i,c,h,t
d,i,c,k,y
d,i,c,o,t
d,i,c,t,a
d,i,c,t,y
d,i,d,d,y
d,i,d,i,e
d,i,d,s,t
d,i,e,n,e
d,i,g,h,t
d,i,g,i,t
d,i,k,e,d
d,i,k,e,r
d,i,k,e,y
d,i,l,d,o
d,i,l,l,i
d,i,l,l,y
d,i,m,b,o
d,i,m,e,r
d,i,m,l,y
d,i,n,a,r
d,i,n,e,d
d,i,n,e,r
d,i,n,g,e
d,i,n,g,o
d,i,n,g,y
d,i,n,i,c
d,i,n,k,y
d,i,n,n,a
d,i,o,d,e
d,i,o,t,a
d,i,p,p,y
d,i,p,s,o
d,i,r,a,m
d,i,r,e,r
d,i,r,g,e
d,i,r,k,e
d,i,r,t,y
d,i,s,c,i
d,i,s,c,o
d,i,s,h,y
d,i,s,m,e
d,i,t,a,l
d,i,t,c,h
d,i,t,e,d
d,i,t,s,y
d,i,t,t,o
d,i,t,t,y
d,i,t,z,y
d,i,v,a,n
d,i,v,e,d
d,i,v,e,r
d,i,v,n,a
d,i,v,o,t
d,i,v,v,y
d,i,w,a,n
d,i,x,i,e
d,i,x,i,t
d,i,z,e,n
d,i,z,z,y
d,j,i,n,n
d,o,b,b,y
d,o,b,i,e
d,o,b,l,a
d,o,b,r,a
d,o,b,r,o
d,o,c,h,t
d,o,d,d,y
d,o,d,g,e
d,o,d,g,y
d,o,e,s,t
d,o,e,t,h
d,o,g,a,n
d,o,g,e,y
d,o,g,g,o
d,o,g,g,y
d,o,g,i,e
d,o,g,m,a
d,o,h,y,o
d,o,i,l,t
d,o,i,l,y
d,o,i,n,g
d,o,l,c,e
d,o,l,c,i
d,o,l,e,d
d,o,l,i,a
d,o,l,l,y
d,o,l,m,a
d,o,l,o,r
d,o,l,o,s
d,o,m,a,l
d,o,m,e,d
d,o,m,i,c
d,o,n,a,h
d,o,n,e,e
d,o,n,e,r
d,o,n,g,a
d,o,n,k,o
d,o,n,n,a
d,o,n,n,e
d,o,n,n,y
d,o,n,o,r
d,o,n,s,y
d,o,n,u,t
d,o,o,c,e
d,o,o,d,y
d,o,o,l,e
d,o,o,l,y
d,o,o,m,y
d,o,o,n,a
d,o,o,r,n
d,o,o,z,y
d,o,p,e,d
d,o,p,e,r
d,o,p,e,y
d,o,r,a,d
d,o,r,b,a
d,o,r,e,e
d,o,r,i,c
d,o,r,i,s
d,o,r,k,y
d,o,r,m,y
d,o,r,s,a
d,o,r,s,e
d,o,r,t,y
d,o,s,a,i
d,o,s,e,d
d,o,s,e,h
d,o,s,e,r
d,o,s,h,a
d,o,t,a,l
d,o,t,e,d
d,o,t,e,r
d,o,t,t,y
d,o,u,a,r
d,o,u,b,t
d,o,u,c,e
d,o,u,g,h
d,o,u,l,a
d,o,u,m,a
d,o,u,r,a
d,o,u,s,e
d,o,v,e,d
d,o,v,e,n
d,o,v,e,r
d,o,v,i,e
d,o,w,a,r
d,o,w,d,y
d,o,w,e,d
d,o,w,e,l
d,o,w,e,r
d,o,w,i,e
d,o,w,l,e
d,o,w,l,y
d,o,w,n,a
d,o,w,n,y
d,o,w,r,y
d,o,w,s,e
d,o,x,e,d
d,o,x,e,s
d,o,x,i,e
d,o,y,e,n
d,o,y,l,y
d,o,z,e,d
d,o,z,e,n
d,o,z,e,r
d,r,a,c,k
d,r,a,c,o
d,r,a,f,f
d,r,a,f,t
d,r,a,i,l
d,r,a,i,n
d,r,a,k,e
d,r,a,m,a
d,r,a,n,k
d,r,a,n,t
d,r,a,p,e
d,r,a,v,e
d,r,a,w,l
d,r,a,w,n
d,r,e,a,d
d,r,e,a,m
d,r,e,a,r
d,r,e,c,k
d,r,e,e,d
d,r,e,e,r
d,r,e,n,t
d,r,e,r,e
d,r,e,s,s
d,r,e,s,t
d,r,i,c,e
d,r,i,e,d
d,r,i,e,r
d,r,i,e,s
d,r,i,f,t
d,r,i,l,l
d,r,i,l,y
d,r,i,n,k
d,r,i,p,t
d,r,i,v,e
d,r,o,i,d
d,r,o,i,l
d,r,o,i,t
d,r,o,k,e
d,r,o,l,e
d,r,o,l,l
d,r,o,m,e
d,r,o,n,e
d,r,o,n,y
d,r,o,o,b
d,r,o,o,g
d,r,o,o,k
d,r,o,o,l
d,r,o,o,p
d,r,o,p,t
d,r,o,s,s
d,r,o,u,k
d,r,o,v,e
d,r,o,w,n
d,r,u,i,d
d,r,u,n,k
d,r,u,p,e
d,r,u,s,e
d,r,u,s,y
d,r,u,x,y
d,r,y,a,d
d,r,y,a,s
d,r,y,e,r
d,r,y,l,y
d,s,o,b,o
d,s,o,m,o
d,u,b,b,o
d,u,c,a,l
d,u,c,a,t
d,u,c,h,y
d,u,c,k,y
d,u,d,d,y
d,u,d,e,d
d,u,e,t,t
d,u,f,u,s
d,u,i,n,g
d,u,k,e,d
d,u,k,k,a
d,u,l,c,e
d,u,l,i,a
d,u,l,l,y
d,u,l,s,e
d,u,m,b,o
d,u,m,k,a
d,u,m,k,y
d,u,m,m,y
d,u,m,p,y
d,u,n,a,m
d,u,n,c,e
d,u,n,c,h
d,u,n,g,y
d,u,n,n,o
d,u,n,n,y
d,u,n,s,h
d,u,o,m,i
d,u,o,m,o
d,u,p,e,d
d,u,p,e,r
d,u,p,l,e
d,u,p,l,y
d,u,p,p,y
d,u,r,a,l
d,u,r,e,d
d,u,r,g,y
d,u,r,o,c
d,u,r,o,y
d,u,r,r,a
d,u,r,r,y
d,u,r,s,t
d,u,r,u,m
d,u,r,z,i
d,u,s,k,y
d,u,s,t,y
d,u,t,c,h
d,u,v,e,t
d,u,x,e,s
d,w,a,a,l
d,w,a,l,e
d,w,a,l,m
d,w,a,n,g
d,w,a,r,f
d,w,a,u,m
d,w,e,e,b
d,w,e,l,l
d,w,e,l,t
d,w,i,l,e
d,w,i,n,e
d,y,i,n,g
d,y,k,e,d
d,y,k,e,y
d,y,k,o,n
d,y,n,e,l
e,a,g,e,r
e,a,g,l,e
e,a,g,r,e
e,a,l,e,d
e,a,n,e,d
e,a,r,e,d
e,a,r,l,y
e,a,r,n,t
e,a,r,s,t
e,a,r,t,h
e,a,s,e,d
e,a,s,e,l
e,a,s,e,r
e,a,s,l,e
e,a,t,e,n
e,a,t,e,r
e,a,t,h,e
e,a,v,e,d
e,b,b,e,d
e,b,b,e,t
e,b,o,n,y
e,b,o,o,k
e,c,h,e,d
e,c,l,a,t
e,d,e,m,a
e,d,g,e,d
e,d,g,e,r
e,d,i,c,t
e,d,i,f,y
e,d,i,l,e
e,d,u,c,e
e,d,u,c,t
e,e,j,i,t
e,e,n,s,y
e,e,r,i,e
e,e,v,e,n
e,f,f,e,d
e,g,e,s,t
e,g,g,a,r
e,g,g,e,d
e,g,g,e,r
e,g,r,e,t
e,h,i,n,g
e,i,d,e,r
e,i,d,o,s
e,i,g,h,t
e,i,g,n,e
e,i,k,e,d
e,i,k,o,n
e,i,s,e,l
e,j,e,c,t
e,j,i,d,o
e,k,i,n,g
e,l,a,i,n
e,l,a,n,d
e,l,a,t,e
e,l,b,o,w
e,l,c,h,i
e,l,d,e,r
e,l,d,i,n
e,l,e,c,t
e,l,e,g,y
e,l,e,m,i
e,l,f,e,d
e,l,f,i,n
e,l,i,a,d
e,l,i,d,e
e,l,i,n,t
e,l,i,t,e
e,l,m,e,n
e,l,o,g,e
e,l,o,g,y
e,l,o,i,n
e,l,o,p,e
e,l,o,p,s
e,l,p,e,e
e,l,s,i,n
e,l,u,d,e
e,l,u,t,e
e,l,v,a,n
e,l,v,e,n
e,l,v,e,r
e,l,v,e,s
e,m,a,c,s
e,m,a,i,l
e,m,b,a,r
e,m,b,a,y
e,m,b,e,d
e,m,b,e,r
e,m,b,o,g
e,m,b,o,w
e,m,b,o,x
e,m,b,u,s
e,m,c,e,e
e,m,e,e,r
e,m,e,n,d
e,m,e,r,g
e,m,e,r,y
e,m,m,e,r
e,m,m,e,t
e,m,m,e,w
e,m,o,j,i
e,m,o,n,g
e,m,o,t,e
e,m,o,v,e
e,m,p,t,y
e,m,u,l,e
e,m,u,r,e
e,m,y,d,e
e,n,a,c,t
e,n,a,r,m
e,n,a,t,e
e,n,d,e,d
e,n,d,e,r
e,n,d,e,w
e,n,d,o,w
e,n,d,u,e
e,n,e,m,a
e,n,e,m,y
e,n,f,i,x
e,n,i,a,c
e,n,j,o,y
e,n,l,i,t
e,n,m,e,w
e,n,n,o,g
e,n,n,u,i
e,n,o,k,i
e,n,o,r,m
e,n,r,o,l
e,n,s,e,w
e,n,s,k,y
e,n,s,u,e
e,n,t,e,r
e,n,t,i,a
e,n,t,r,y
e,n,u,r,e
e,n,u,r,n
e,n,v,o,i
e,n,v,o,y
e,n,z,y,m
e,o,s,i,n
e,p,a,c,t
e,p,h,a,h
e,p,h,o,d
e,p,h,o,r
e,p,o,c,h
e,p,o,d,e
e,p,o,p,t
e,p,o,x,y
e,p,r,i,s
e,q,u,a,l
e,q,u,e,s
e,q,u,i,d
e,q,u,i,p
e,r,a,s,e
e,r,b,i,a
e,r,e,c,t
e,r,g,o,n
e,r,g,o,t
e,r,i,c,a
e,r,i,c,k
e,r,i,n,g
e,r,n,e,d
e,r,o,d,e
e,r,o,s,e
e,r,r,e,d
e,r,r,o,r
e,r,s,e,s
e,r,u,c,t
e,r,u,g,o
e,r,u,p,t
e,r,v,e,n
e,r,v,i,l
e,s,c,a,r
e,s,c,o,t
e,s,i,l,e
e,s,k,a,r
e,s,k,e,r
e,s,s,a,y
e,s,t,e,r
e,s,t,o,c
e,s,t,o,p
e,s,t,r,o
e,t,a,g,e
e,t,a,p,e
e,t,h,a,l
e,t,h,e,r
e,t,h,i,c
e,t,h,n,e
e,t,h,o,s
e,t,h,y,l
e,t,t,i,n
e,t,t,l,e
e,t,u,d,e
e,t,w,e,e
e,t,y,m,a
e,u,k,e,d
e,u,p,a,d
e,u,s,o,l
e,v,a,d,e
e,v,e,n,t
e,v,e,r,t
e,v,e,r,y
e,v,h,o,e
e,v,i,c,t
e,v,i,t,e
e,v,o,h,e
e,v,o,k,e
e,w,e,s,t
e,w,h,o,w
e,w,k,e,d
e,x,a,c,t
e,x,a,l,t
e,x,c,e,l
e,x,e,a,t
e,x,e,e,m
e,x,e,m,e
e,x,e,r,t
e,x,f,i,l
e,x,i,e,s
e,x,i,l,e
e,x,i,n,e
e,x,i,n,g
e,x,i,s,t
e,x,o,d,e
e,x,o,m,e
e,x,p,a,t
e,x,p,e,l
e,x,t,o,l
e,x,t,r,a
e,x,u,d,e
e,x,u,l,t
e,x,u,r,b
e,y,i,n,g
e,y,r,i,e
e,y,r,i,r
e,z,i,n,e
f,a,b,b,y
f,a,b,l,e
f,a,c,e,d
f,a,c,e,r
f,a,c,e,t
f,a,c,i,a
f,a,c,t,a
f,a,d,d,y
f,a,d,e,d
f,a,d,e,r
f,a,d,g,e
f,a,e,n,a
f,a,e,r,y
f,a,f,f,y
f,a,g,g,y
f,a,g,i,n
f,a,g,o,t
f,a,i,n,e
f,a,i,n,t
f,a,i,r,y
f,a,i,t,h
f,a,k,e,d
f,a,k,e,r
f,a,k,e,y
f,a,k,i,e
f,a,k,i,r
f,a,l,a,j
f,a,l,s,e
f,a,m,e,d
f,a,n,a,l
f,a,n,c,y
f,a,n,g,a
f,a,n,g,o
f,a,n,n,y
f,a,n,o,n
f,a,n,u,m
f,a,q,i,r
f,a,r,a,d
f,a,r,c,e
f,a,r,c,i
f,a,r,c,y
f,a,r,e,d
f,a,r,e,r
f,a,r,l,e
f,a,r,r,o
f,a,r,s,e
f,a,s,c,i
f,a,s,t,i
f,a,t,a,l
f,a,t,e,d
f,a,t,l,y
f,a,t,s,o
f,a,t,t,y
f,a,t,w,a
f,a,u,g,h
f,a,u,l,d
f,a,u,l,t
f,a,u,n,a
f,a,u,r,d
f,a,u,v,e
f,a,v,e,l
f,a,v,e,r
f,a,v,o,r
f,a,v,u,s
f,a,w,n,y
f,a,x,e,d
f,a,x,e,s
f,a,y,e,d
f,a,y,e,r
f,a,y,n,e
f,a,y,r,e
f,a,z,e,d
f,e,a,r,e
f,e,a,r,t
f,e,a,s,e
f,e,a,s,t
f,e,a,z,e
f,e,c,a,l
f,e,c,e,s
f,e,c,h,t
f,e,c,i,t
f,e,d,e,x
f,e,e,s,e
f,e,e,z,e
f,e,h,m,e
f,e,i,g,n
f,e,i,n,t
f,e,i,s,t
f,e,l,c,h
f,e,l,i,d
f,e,l,l,a
f,e,l,l,y
f,e,l,o,n
f,e,l,t,y
f,e,m,a,l
f,e,m,m,e
f,e,m,m,y
f,e,m,u,r
f,e,n,c,e
f,e,n,d,y
f,e,n,k,s
f,e,n,n,y
f,e,o,f,f
f,e,r,a,l
f,e,r,e,r
f,e,r,i,a
f,e,r,l,y
f,e,r,m,i
f,e,r,n,y
f,e,r,r,y
f,e,s,s,e
f,e,s,t,a
f,e,s,t,y
f,e,t,a,l
f,e,t,c,h
f,e,t,e,d
f,e,t,i,d
f,e,t,o,r
f,e,t,t,a
f,e,t,u,s
f,e,t,w,a
f,e,u,a,r
f,e,u,e,d
f,e,v,e,r
f,e,w,e,r
f,e,y,e,d
f,e,y,e,r
f,e,y,l,y
f,e,z,e,s
f,e,z,z,y
f,i,b,e,r
f,i,b,r,e
f,i,b,r,o
f,i,c,h,e
f,i,c,h,u
f,i,c,i,n
f,i,c,u,s
f,i,d,e,s
f,i,d,g,e
f,i,e,l,d
f,i,e,n,d
f,i,e,n,t
f,i,e,r,e
f,i,e,r,y
f,i,e,s,t
f,i,f,e,d
f,i,f,e,r
f,i,f,t,h
f,i,f,t,y
f,i,g,g,y
f,i,g,h,t
f,i,k,e,d
f,i,l,a,r
f,i,l,c,h
f,i,l,e,d
f,i,l,e,r
f,i,l,e,t
f,i,l,i,i
f,i,l,l,e
f,i,l,l,o
f,i,l,l,y
f,i,l,m,i
f,i,l,m,y
f,i,l,t,h
f,i,l,u,m
f,i,n,a,l
f,i,n,c,a
f,i,n,c,h
f,i,n,e,d
f,i,n,e,r
f,i,n,n,y
f,i,o,r,d
f,i,q,u,e
f,i,r,e,d
f,i,r,e,r
f,i,r,i,e
f,i,r,r,y
f,i,r,s,t
f,i,r,t,h
f,i,s,h,y
f,i,s,t,y
f,i,t,c,h
f,i,t,l,y
f,i,t,n,a
f,i,t,t,e
f,i,v,e,r
f,i,x,e,d
f,i,x,e,r
f,i,x,e,s
f,i,x,i,t
f,i,z,z,y
f,j,e,l,d
f,j,o,r,d
f,l,a,c,k
f,l,a,f,f
f,l,a,i,l
f,l,a,i,r
f,l,a,k,e
f,l,a,k,y
f,l,a,m,e
f,l,a,m,m
f,l,a,m,y
f,l,a,n,e
f,l,a,n,k
f,l,a,r,e
f,l,a,r,y
f,l,a,s,h
f,l,a,s,k
f,l,a,v,a
f,l,a,w,n
f,l,a,w,y
f,l,a,x,y
f,l,e,a,m
f,l,e,c,k
f,l,e,e,k
f,l,e,e,r
f,l,e,e,t
f,l,e,m,e
f,l,e,s,h
f,l,e,u,r
f,l,e,x,i
f,l,e,x,o
f,l,i,c,k
f,l,i,e,d
f,l,i,e,r
f,l,i,e,s
f,l,i,m,p
f,l,i,n,g
f,l,i,n,t
f,l,i,r,t
f,l,i,s,k
f,l,i,t,e
f,l,i,t,t
f,l,o,a,t
f,l,o,c,k
f,l,o,n,g
f,l,o,o,d
f,l,o,o,r
f,l,o,r,a
f,l,o,r,y
f,l,o,s,h
f,l,o,s,s
f,l,o,t,a
f,l,o,t,e
f,l,o,u,r
f,l,o,u,t
f,l,o,w,n
f,l,u,e,d
f,l,u,e,y
f,l,u,f,f
f,l,u,i,d
f,l,u,k,e
f,l,u,k,y
f,l,u,m,e
f,l,u,m,p
f,l,u,n,g
f,l,u,n,k
f,l,u,o,r
f,l,u,r,r
f,l,u,s,h
f,l,u,t,e
f,l,u,t,y
f,l,u,y,t
f,l,y,b,y
f,l,y,e,r
f,l,y,p,e
f,l,y,t,e
f,o,a,m,y
f,o,c,a,l
f,o,c,u,s
f,o,e,h,n
f,o,g,e,y
f,o,g,g,y
f,o,g,i,e
f,o,g,l,e
f,o,g,o,u
f,o,i,s,t
f,o,l,e,y
f,o,l,i,a
f,o,l,i,c
f,o,l,i,e
f,o,l,i,o
f,o,l,k,y
f,o,l,l,y
f,o,m,e,s
f,o,n,d,a
f,o,n,d,u
f,o,n,l,y
f,o,o,d,y
f,o,o,t,y
f,o,r,a,m
f,o,r,a,y
f,o,r,b,y
f,o,r,c,e
f,o,r,d,o
f,o,r,e,l
f,o,r,e,x
f,o,r,g,e
f,o,r,g,o
f,o,r,k,y
f,o,r,m,e
f,o,r,t,e
f,o,r,t,h
f,o,r,t,y
f,o,r,u,m
f,o,r,z,a
f,o,r,z,e
f,o,s,s,a
f,o,s,s,e
f,o,u,a,t
f,o,u,e,r
f,o,u,e,t
f,o,u,l,e
f,o,u,n,d
f,o,u,n,t
f,o,u,t,h
f,o,v,e,a
f,o,w,t,h
f,o,x,e,d
f,o,x,e,s
f,o,x,i,e
f,o,y,e,r
f,o,y,l,e
f,o,y,n,e
f,r,a,c,k
f,r,a,c,t
f,r,a,i,l
f,r,a,i,m
f,r,a,m,e
f,r,a,n,c
f,r,a,n,k
f,r,a,p,e
f,r,a,t,e
f,r,a,t,i
f,r,a,u,d
f,r,e,a,k
f,r,e,e,d
f,r,e,e,r
f,r,e,e,t
f,r,e,i,t
f,r,e,m,d
f,r,e,n,a
f,r,e,o,n
f,r,e,r,e
f,r,e,s,h
f,r,i,a,r
f,r,i,e,d
f,r,i,e,r
f,r,i,e,s
f,r,i,l,l
f,r,i,s,e
f,r,i,s,k
f,r,i,s,t
f,r,i,t,h
f,r,i,t,t
f,r,i,t,z
f,r,i,z,e
f,r,i,z,z
f,r,o,c,k
f,r,o,n,d
f,r,o,n,s
f,r,o,n,t
f,r,o,r,e
f,r,o,r,n
f,r,o,r,y
f,r,o,s,h
f,r,o,s,t
f,r,o,t,h
f,r,o,w,n
f,r,o,w,y
f,r,o,z,e
f,r,u,i,t
f,r,u,m,p
f,r,u,s,h
f,r,u,s,t
f,r,y,e,r
f,u,b,a,r
f,u,b,b,y
f,u,b,s,y
f,u,c,u,s
f,u,d,d,y
f,u,d,g,e
f,u,d,g,y
f,u,e,r,o
f,u,f,f,y
f,u,g,a,l
f,u,g,g,y
f,u,g,i,e
f,u,g,i,o
f,u,g,l,e
f,u,g,l,y
f,u,g,u,e
f,u,l,l,y
f,u,m,e,d
f,u,m,e,r
f,u,m,e,t
f,u,n,d,i
f,u,n,d,y
f,u,n,g,i
f,u,n,g,o
f,u,n,k,y
f,u,n,n,y
f,u,r,a,l
f,u,r,a,n
f,u,r,c,a
f,u,r,o,l
f,u,r,o,r
f,u,r,r,y
f,u,r,t,h
f,u,r,z,e
f,u,r,z,y
f,u,s,e,d
f,u,s,e,e
f,u,s,e,l
f,u,s,i,l
f,u,s,s,y
f,u,s,t,y
f,u,t,o,n
f,u,z,e,d
f,u,z,e,e
f,u,z,i,l
f,u,z,z,y
f,y,k,e,d
f,y,t,t,e
g,a,b,b,a
g,a,b,b,y
g,a,b,l,e
g,a,d,d,i
g,a,d,g,e
g,a,d,i,d
g,a,d,j,e
g,a,d,j,o
g,a,d,s,o
g,a,f,f,e
g,a,g,e,d
g,a,g,e,r
g,a,i,l,y
g,a,i,t,a
g,a,i,t,t
g,a,l,a,h
g,a,l,a,x
g,a,l,e,a
g,a,l,e,d
g,a,l,l,y
g,a,l,o,p
g,a,l,u,t
g,a,l,v,o
g,a,m,a,y
g,a,m,b,a
g,a,m,b,e
g,a,m,b,o
g,a,m,e,d
g,a,m,e,r
g,a,m,e,y
g,a,m,i,c
g,a,m,i,n
g,a,m,m,a
g,a,m,m,e
g,a,m,m,y
g,a,m,u,t
g,a,n,c,h
g,a,n,d,y
g,a,n,e,f
g,a,n,e,v
g,a,n,j,a
g,a,n,o,f
g,a,p,e,d
g,a,p,e,r
g,a,p,p,y
g,a,r,b,e
g,a,r,b,o
g,a,r,d,a
g,a,r,m,s
g,a,r,n,i
g,a,r,r,e
g,a,r,t,h
g,a,r,u,m
g,a,s,e,s
g,a,s,p,y
g,a,s,s,y
g,a,t,c,h
g,a,t,e,d
g,a,t,e,r
g,a,t,o,r
g,a,u,c,h
g,a,u,c,y
g,a,u,d,y
g,a,u,g,e
g,a,u,j,e
g,a,u,l,t
g,a,u,m,y
g,a,u,n,t
g,a,u,z,e
g,a,u,z,y
g,a,v,e,l
g,a,v,o,t
g,a,w,c,y
g,a,w,k,y
g,a,w,s,y
g,a,y,a,l
g,a,y,e,r
g,a,y,l,y
g,a,z,a,l
g,a,z,a,r
g,a,z,e,d
g,a,z,e,r
g,a,z,o,n
g,a,z,o,o
g,e,a,r,e
g,e,b,u,r
g,e,c,k,o
g,e,e,k,y
g,e,e,s,e
g,e,e,s,t
g,e,i,s,t
g,e,l,e,e
g,e,l,i,d
g,e,l,l,y
g,e,m,e,l
g,e,m,m,a
g,e,m,m,y
g,e,m,o,t
g,e,n,a,l
g,e,n,e,t
g,e,n,i,c
g,e,n,i,e
g,e,n,i,i
g,e,n,i,p
g,e,n,n,y
g,e,n,o,a
g,e,n,o,m
g,e,n,r,e
g,e,n,r,o
g,e,n,t,y
g,e,n,u,a
g,e,o,d,e
g,e,o,i,d
g,e,r,a,h
g,e,r,b,e
g,e,r,l,e
g,e,r,m,y
g,e,r,n,e
g,e,s,s,e
g,e,s,s,o
g,e,s,t,e
g,e,t,u,p
g,e,y,a,n
g,e,y,e,r
g,h,a,s,t
g,h,a,u,t
g,h,a,z,i
g,h,e,s,t
g,h,o,s,t
g,h,o,u,l
g,h,y,l,l
g,i,a,n,t
g,i,b,e,d
g,i,b,e,l
g,i,b,e,r
g,i,b,l,i
g,i,b,u,s
g,i,d,d,y
g,i,g,h,e
g,i,g,o,t
g,i,g,u,e
g,i,l,e,t
g,i,l,l,y
g,i,l,p,y
g,i,m,e,l
g,i,m,m,e
g,i,m,p,y
g,i,n,c,h
g,i,n,g,e
g,i,n,n,y
g,i,n,z,o
g,i,p,o,n
g,i,p,p,o
g,i,p,p,y
g,i,p,s,y
g,i,r,l,y
g,i,r,o,n
g,i,r,s,h
g,i,r,t,h
g,i,s,m,o
g,i,t,c,h
g,i,u,s,t
g,i,v,e,d
g,i,v,e,n
g,i,v,e,r
g,i,z,m,o
g,l,a,c,e
g,l,a,d,e
g,l,a,d,y
g,l,a,i,k
g,l,a,i,r
g,l,a,n,d
g,l,a,n,s
g,l,a,r,e
g,l,a,r,y
g,l,a,s,s
g,l,a,u,m
g,l,a,u,r
g,l,a,z,e
g,l,a,z,y
g,l,e,a,m
g,l,e,a,n
g,l,e,b,a
g,l,e,b,e
g,l,e,b,y
g,l,e,d,e
g,l,e,e,d
g,l,e,e,k
g,l,e,e,t
g,l,e,n,t
g,l,i,a,l
g,l,i,d,e
g,l,i,f,f
g,l,i,f,t
g,l,i,k,e
g,l,i,m,e
g,l,i,n,t
g,l,i,s,k
g,l,i,t,z
g,l,o,a,m
g,l,o,a,t
g,l,o,b,e
g,l,o,b,i
g,l,o,b,y
g,l,o,d,e
g,l,o,g,g
g,l,o,o,m
g,l,o,o,p
g,l,o,r,y
g,l,o,s,s
g,l,o,s,t
g,l,o,u,t
g,l,o,v,e
g,l,o,z,e
g,l,u,e,d
g,l,u,e,r
g,l,u,e,y
g,l,u,m,e
g,l,u,o,n
g,l,u,t,e
g,l,y,p,h
g,n,a,r,l
g,n,a,r,r
g,n,a,s,h
g,n,a,w,n
g,n,o,m,e
g,o,a,r,y
g,o,a,t,y
g,o,b,a,n
g,o,b,a,r
g,o,b,b,i
g,o,b,b,o
g,o,b,b,y
g,o,d,e,t
g,o,d,l,y
g,o,d,s,o
g,o,e,s,t
g,o,e,t,h
g,o,e,t,y
g,o,f,e,r
g,o,g,g,a
g,o,i,e,r
g,o,i,n,g
g,o,l,d,y
g,o,l,e,m
g,o,l,l,y
g,o,l,p,e
g,o,m,b,o
g,o,m,e,r
g,o,m,p,a
g,o,n,a,d
g,o,n,c,h
g,o,n,e,f
g,o,n,e,r
g,o,n,i,a
g,o,n,i,f
g,o,n,n,a
g,o,n,o,f
g,o,n,y,s
g,o,n,z,o
g,o,o,b,y
g,o,o,d,y
g,o,o,e,y
g,o,o,f,y
g,o,o,k,y
g,o,o,l,d
g,o,o,l,y
g,o,o,n,y
g,o,o,p,y
g,o,o,r,y
g,o,o,s,e
g,o,o,s,y
g,o,p,a,k
g,o,p,i,k
g,o,r,a,l
g,o,r,e,d
g,o,r,g,e
g,o,r,m,y
g,o,r,s,e
g,o,r,s,y
g,o,s,h,t
g,o,s,s,e
g,o,t,c,h
g,o,t,h,y
g,o,t,t,a
g,o,u,c,h
g,o,u,g,e
g,o,u,r,a
g,o,u,r,d
g,o,u,t,y
g,o,w,a,n
g,o,x,e,s
g,o,y,i,m
g,o,y,l,e
g,r,a,a,l
g,r,a,c,e
g,r,a,d,e
g,r,a,f,f
g,r,a,f,t
g,r,a,i,l
g,r,a,i,n
g,r,a,i,p
g,r,a,m,a
g,r,a,m,e
g,r,a,m,p
g,r,a,n,a
g,r,a,n,d
g,r,a,n,t
g,r,a,p,e
g,r,a,p,h
g,r,a,p,y
g,r,a,s,p
g,r,a,s,s
g,r,a,t,e
g,r,a,v,e
g,r,a,v,y
g,r,a,z,e
g,r,e,a,t
g,r,e,b,e
g,r,e,b,o
g,r,e,c,e
g,r,e,e,d
g,r,e,e,k
g,r,e,e,n
g,r,e,e,t
g,r,e,g,e
g,r,e,g,o
g,r,e,i,n
g,r,e,s,e
g,r,e,v,e
g,r,i,c,e
g,r,i,d,e
g,r,i,e,f
g,r,i,f,f
g,r,i,f,t
g,r,i,k,e
g,r,i,l,l
g,r,i,m,e
g,r,i,m,y
g,r,i,n,d
g,r,i,o,t
g,r,i,p,e
g,r,i,p,t
g,r,i,p,y
g,r,i,s,e
g,r,i,s,t
g,r,i,s,y
g,r,i,t,h
g,r,i,z,e
g,r,o,a,n
g,r,o,a,t
g,r,o,d,y
g,r,o,i,n
g,r,o,m,a
g,r,o,n,e
g,r,o,o,f
g,r,o,o,m
g,r,o,p,e
g,r,o,s,s
g,r,o,s,z
g,r,o,u,f
g,r,o,u,p
g,r,o,u,t
g,r,o,v,e
g,r,o,v,y
g,r,o,w,l
g,r,o,w,n
g,r,r,r,l
g,r,u,e,d
g,r,u,e,l
g,r,u,f,e
g,r,u,f,f
g,r,u,m,e
g,r,u,m,p
g,r,u,n,d
g,r,u,n,t
g,r,y,c,e
g,r,y,d,e
g,r,y,k,e
g,r,y,p,e
g,r,y,p,t
g,u,a,c,o
g,u,a,n,a
g,u,a,n,o
g,u,a,r,d
g,u,a,v,a
g,u,c,k,y
g,u,e,s,t
g,u,i,d,e
g,u,i,l,d
g,u,i,l,e
g,u,i,l,t
g,u,i,m,p
g,u,i,r,o
g,u,i,s,e
g,u,l,a,g
g,u,l,a,r
g,u,l,c,h
g,u,l,e,t
g,u,l,f,y
g,u,l,l,y
g,u,l,p,h
g,u,l,p,y
g,u,m,b,o
g,u,m,m,a
g,u,m,m,i
g,u,m,m,y
g,u,n,d,y
g,u,n,g,e
g,u,n,g,y
g,u,n,k,y
g,u,n,n,y
g,u,p,p,y
g,u,q,i,n
g,u,r,d,y
g,u,r,g,e
g,u,r,l,y
g,u,r,r,y
g,u,r,s,h
g,u,s,h,y
g,u,s,l,a
g,u,s,l,e
g,u,s,l,i
g,u,s,s,y
g,u,s,t,o
g,u,s,t,y
g,u,t,s,y
g,u,t,t,a
g,u,t,t,y
g,u,y,e,d
g,u,y,l,e
g,u,y,o,t
g,u,y,s,e
g,w,i,n,e
g,y,b,e,d
g,y,e,l,d
g,y,n,a,e
g,y,n,i,e
g,y,n,n,y
g,y,o,z,a
g,y,p,p,o
g,y,p,p,y
g,y,p,s,y
g,y,r,a,l
g,y,r,e,d
g,y,r,o,n
g,y,r,u,s
g,y,v,e,d
h,a,b,i,t
h,a,b,l,e
h,a,c,e,k
h,a,d,a,l
h,a,d,e,d
h,a,d,j,i
h,a,d,s,t
h,a,f,i,z
h,a,i,c,k
h,a,i,k,a
h,a,i,k,u
h,a,i,l,y
h,a,i,n,t
h,a,i,r,y
h,a,i,t,h
h,a,j,e,s
h,a,j,j,i
h,a,k,a,m
h,a,k,e,a
h,a,k,i,m
h,a,l,a,l
h,a,l,e,d
h,a,l,e,r
h,a,l,f,a
h,a,l,i,d
h,a,l,l,o
h,a,l,m,a
h,a,l,o,n
h,a,l,s,e
h,a,l,v,a
h,a,l,v,e
h,a,l,w,a
h,a,m,a,l
h,a,m,b,a
h,a,m,e,d
h,a,m,m,y
h,a,m,z,a
h,a,n,a,p
h,a,n,c,e
h,a,n,c,h
h,a,n,d,y
h,a,n,g,i
h,a,n,k,y
h,a,n,s,a
h,a,n,s,e
h,a,o,l,e
h,a,o,m,a
h,a,p,a,x
h,a,p,l,y
h,a,p,p,i
h,a,p,p,y
h,a,r,a,m
h,a,r,d,y
h,a,r,e,d
h,a,r,e,m
h,a,r,i,m
h,a,r,p,y
h,a,r,r,y
h,a,r,s,h
h,a,s,h,y
h,a,s,t,a
h,a,s,t,e
h,a,s,t,y
h,a,t,c,h
h,a,t,e,d
h,a,t,e,r
h,a,t,h,a
h,a,u,g,h
h,a,u,l,d
h,a,u,l,m
h,a,u,l,t
h,a,u,n,t
h,a,u,s,e
h,a,u,t,e
h,a,v,e,n
h,a,v,e,r
h,a,v,o,c
h,a,w,e,d
h,a,w,s,e
h,a,y,e,d
h,a,y,e,r
h,a,y,e,y
h,a,y,l,e
h,a,z,a,n
h,a,z,e,d
h,a,z,e,l
h,a,z,e,r
h,e,a,d,y
h,e,a,l,d
h,e,a,m,e
h,e,a,p,y
h,e,a,r,d
h,e,a,r,e
h,e,a,r,t
h,e,a,s,t
h,e,a,t,h
h,e,a,v,e
h,e,a,v,y
h,e,b,e,n
h,e,c,h,t
h,e,d,e,r
h,e,d,g,e
h,e,d,g,y
h,e,e,d,y
h,e,e,z,e
h,e,f,t,e
h,e,f,t,y
h,e,i,g,h
h,e,i,s,t
h,e,j,a,b
h,e,j,r,a
h,e,l,e,d
h,e,l,i,o
h,e,l,i,x
h,e,l,l,o
h,e,l,o,t
h,e,l,v,e
h,e,m,a,l
h,e,m,i,c
h,e,m,i,n
h,e,m,p,y
h,e,n,c,e
h,e,n,c,h
h,e,n,g,e
h,e,n,n,a
h,e,n,n,y
h,e,n,r,y
h,e,p,a,r
h,e,r,b,y
h,e,r,m,a
h,e,r,o,n
h,e,r,r,y
h,e,r,s,e
h,e,r,t,z
h,e,r,y,e
h,e,u,c,h
h,e,u,g,h
h,e,v,e,a
h,e,w,e,d
h,e,w,e,r
h,e,w,g,h
h,e,x,a,d
h,e,x,e,d
h,e,x,e,r
h,e,x,e,s
h,e,x,y,l
h,e,y,e,d
h,i,a,n,t
h,i,d,e,d
h,i,d,e,r
h,i,e,m,s
h,i,g,h,t
h,i,j,a,b
h,i,j,r,a
h,i,k,e,d
h,i,k,e,r
h,i,k,o,i
h,i,l,a,r
h,i,l,c,h
h,i,l,l,o
h,i,l,l,y
h,i,l,u,m
h,i,l,u,s
h,i,m,b,o
h,i,n,a,u
h,i,n,g,e
h,i,n,k,y
h,i,n,n,y
h,i,p,l,y
h,i,p,p,o
h,i,p,p,y
h,i,r,e,d
h,i,r,e,e
h,i,r,e,r
h,i,s,s,y
h,i,t,c,h
h,i,t,h,e
h,i,v,e,d
h,i,v,e,r
h,i,z,e,n
h,o,a,e,d
h,o,a,g,y
h,o,a,r,d
h,o,a,r,y
h,o,a,s,t
h,o,b,b,y
h,o,c,u,s
h,o,d,a,d
h,o,d,j,a
h,o,g,a,n
h,o,g,e,n
h,o,h,e,d
h,o,i,c,k
h,o,i,e,d
h,o,i,n,g
h,o,i,s,e
h,o,i,s,t
h,o,k,e,d
h,o,k,e,y
h,o,k,k,u
h,o,k,u,m
h,o,l,e,d
h,o,l,e,y
h,o,l,l,a
h,o,l,l,o
h,o,l,l,y
h,o,l,m,e
h,o,l,o,n
h,o,m,e,d
h,o,m,e,r
h,o,m,e,y
h,o,m,i,e
h,o,m,m,e
h,o,n,a,n
h,o,n,d,a
h,o,n,e,d
h,o,n,e,r
h,o,n,e,y
h,o,n,g,i
h,o,n,k,y
h,o,n,o,r
h,o,o,c,h
h,o,o,d,y
h,o,o,e,y
h,o,o,k,a
h,o,o,k,y
h,o,o,l,y
h,o,o,r,d
h,o,o,s,h
h,o,o,t,y
h,o,o,v,e
h,o,p,a,k
h,o,p,e,d
h,o,p,e,r
h,o,p,p,y
h,o,r,a,h
h,o,r,a,l
h,o,r,d,e
h,o,r,m,e
h,o,r,n,y
h,o,r,s,e
h,o,r,s,t
h,o,r,s,y
h,o,s,e,d
h,o,s,e,l
h,o,s,e,n
h,o,s,e,r
h,o,s,e,y
h,o,s,t,a
h,o,t,c,h
h,o,t,e,l
h,o,t,e,n
h,o,t,l,y
h,o,t,t,y
h,o,u,f,f
h,o,u,g,h
h,o,u,n,d
h,o,u,r,i
h,o,u,s,e
h,o,v,e,a
h,o,v,e,d
h,o,v,e,l
h,o,v,e,n
h,o,v,e,r
h,o,w,b,e
h,o,w,d,y
h,o,w,f,f
h,o,w,r,e
h,o,w,s,o
h,o,x,e,d
h,o,x,e,s
h,o,y,e,d
h,o,y,l,e
h,u,b,b,y
h,u,d,n,a
h,u,d,u,d
h,u,f,f,y
h,u,g,e,r
h,u,g,g,y
h,u,l,k,y
h,u,l,l,o
h,u,l,l,y
h,u,m,a,n
h,u,m,i,c
h,u,m,i,d
h,u,m,o,r
h,u,m,p,h
h,u,m,p,y
h,u,m,u,s
h,u,n,c,h
h,u,n,k,y
h,u,r,d,s
h,u,r,l,y
h,u,r,r,a
h,u,r,r,y
h,u,r,s,t
h,u,s,h,y
h,u,s,k,y
h,u,s,s,y
h,u,t,c,h
h,u,t,i,a
h,u,z,z,a
h,u,z,z,y
h,y,d,r,a
h,y,d,r,o
h,y,e,n,a
h,y,g,g,e
h,y,i,n,g
h,y,l,e,g
h,y,l,i,c
h,y,m,e,n
h,y,n,d,e
h,y,o,i,d
h,y,p,e,d
h,y,p,e,r
h,y,p,h,a
h,y,p,h,y
h,y,r,a,x
h,y,s,o,n
h,y,t,h,e
i,a,m,b,i
i,b,r,i,k
i,c,h,e,d
i,c,h,e,s
i,c,h,o,r
i,c,i,e,r
i,c,i,l,y
i,c,i,n,g
i,c,k,e,r
i,c,k,l,e
i,c,t,a,l
i,c,t,i,c
i,c,t,u,s
i,d,a,n,t
i,d,e,a,l
i,d,e,n,t
i,d,i,o,m
i,d,i,o,t
i,d,l,e,d
i,d,l,e,r
i,d,o,l,a
i,d,y,l,l
i,f,t,a,r
i,g,a,p,o
i,g,g,e,d
i,g,l,o,o
i,h,r,a,m
i,l,e,a,c
i,l,e,a,l
i,l,e,u,m
i,l,e,u,s
i,l,i,a,c
i,l,i,a,d
i,l,i,a,l
i,l,i,u,m
i,l,l,e,r
i,l,l,t,h
i,m,a,g,e
i,m,a,g,o
i,m,a,r,i
i,m,a,u,m
i,m,b,a,r
i,m,b,e,d
i,m,b,u,e
i,m,i,d,e
i,m,i,d,o
i,m,i,n,e
i,m,i,n,o
i,m,m,e,w
i,m,m,i,t
i,m,m,i,x
i,m,p,e,d
i,m,p,e,l
i,m,p,l,y
i,m,p,o,t
i,m,p,r,o
i,m,s,h,i
i,m,s,h,y
i,n,a,n,e
i,n,a,p,t
i,n,a,r,m
i,n,b,o,x
i,n,b,y,e
i,n,c,e,l
i,n,c,l,e
i,n,c,o,g
i,n,c,u,r
i,n,c,u,s
i,n,c,u,t
i,n,d,e,w
i,n,d,e,x
i,n,d,i,a
i,n,d,i,e
i,n,d,o,l
i,n,d,o,w
i,n,d,r,i
i,n,d,u,e
i,n,e,p,t
i,n,e,r,m
i,n,e,r,t
i,n,f,e,r
i,n,f,i,x
i,n,f,r,a
i,n,g,a,n
i,n,g,l,e
i,n,g,o,t
i,n,i,o,n
i,n,k,e,d
i,n,k,e,r
i,n,k,l,e
i,n,l,a,y
i,n,l,e,t
i,n,n,e,d
i,n,n,e,r
i,n,n,i,t
i,n,o,r,b
i,n,p,u,t
i,n,r,u,n
i,n,s,e,t
i,n,s,p,o
i,n,t,e,l
i,n,t,e,r
i,n,t,i,l
i,n,t,r,a
i,n,t,r,o
i,n,u,l,a
i,n,u,r,e
i,n,u,r,n
i,n,u,s,t
i,n,v,a,r
i,n,w,i,t
i,o,d,i,c
i,o,d,i,d
i,o,d,i,n
i,o,n,i,c
i,p,p,o,n
i,r,a,d,e
i,r,a,t,e
i,r,i,n,g
i,r,k,e,d
i,r,o,k,o
i,r,o,n,e
i,r,o,n,y
i,s,h,e,s
i,s,l,e,d
i,s,l,e,t
i,s,n,a,e
i,s,s,e,i
i,s,s,u,e
i,s,t,l,e
i,t,c,h,y
i,t,h,e,r
i,v,i,e,d
i,v,i,e,s
i,v,o,r,y
i,x,n,a,y
i,x,o,r,a
i,x,t,l,e
i,z,a,r,d
i,z,z,a,t
j,a,b,o,t
j,a,c,a,l
j,a,c,k,y
j,a,d,e,d
j,a,f,f,a
j,a,g,e,r
j,a,g,g,y
j,a,g,i,r
j,a,g,r,a
j,a,k,e,r
j,a,k,e,y
j,a,l,a,p
j,a,l,o,p
j,a,m,b,e
j,a,m,b,o
j,a,m,b,u
j,a,m,e,s
j,a,m,m,y
j,a,m,o,n
j,a,n,n,y
j,a,n,t,y
j,a,p,a,n
j,a,p,e,d
j,a,p,e,r
j,a,r,t,a
j,a,r,u,l
j,a,s,e,y
j,a,s,p,e
j,a,u,n,t
j,a,v,e,l
j,a,w,a,n
j,a,w,e,d
j,a,x,i,e
j,a,z,z,y
j,e,b,e,l
j,e,e,l,y
j,e,e,z,e
j,e,h,a,d
j,e,l,a,b
j,e,l,l,o
j,e,l,l,y
j,e,m,b,e
j,e,m,m,y
j,e,n,n,y
j,e,r,i,d
j,e,r,k,y
j,e,r,r,y
j,e,s,s,e
j,e,s,u,s
j,e,t,o,n
j,e,t,t,y
j,e,u,n,e
j,e,w,e,d
j,e,w,e,l
j,e,w,i,e
j,h,a,l,a
j,i,b,b,a
j,i,b,e,d
j,i,b,e,r
j,i,f,f,y
j,i,g,g,y
j,i,g,o,t
j,i,h,a,d
j,i,m,m,y
j,i,m,p,y
j,i,n,g,o
j,i,n,n,e
j,i,n,n,i
j,i,r,g,a
j,i,r,r,e
j,i,v,e,d
j,i,v,e,r
j,i,v,e,y
j,n,a,n,a
j,o,b,e,d
j,o,c,k,o
j,o,c,k,y
j,o,d,e,l
j,o,i,n,t
j,o,i,s,t
j,o,k,e,d
j,o,k,e,r
j,o,k,e,y
j,o,k,o,l
j,o,l,e,d
j,o,l,l,y
j,o,l,t,y
j,o,m,o,n
j,o,n,e,s
j,o,n,t,y
j,o,r,a,m
j,o,r,u,m
j,o,t,t,y
j,o,t,u,n
j,o,u,a,l
j,o,u,g,s
j,o,u,l,e
j,o,u,s,t
j,o,w,a,r
j,o,w,e,d
j,o,w,l,y
j,o,y,e,d
j,u,d,a,s
j,u,d,g,e
j,u,d,g,y
j,u,g,a,l
j,u,g,u,m
j,u,i,c,e
j,u,i,c,y
j,u,k,e,d
j,u,l,e,p
j,u,m,a,r
j,u,m,b,o
j,u,m,b,y
j,u,m,p,y
j,u,n,c,o
j,u,n,k,y
j,u,n,t,a
j,u,n,t,o
j,u,p,o,n
j,u,r,a,l
j,u,r,a,t
j,u,r,e,l
j,u,r,o,r
j,u,t,t,y
j,u,v,i,e
k,a,a,m,a
k,a,b,a,b
k,a,b,a,r
k,a,b,o,b
k,a,c,h,a
k,a,d,a,i
k,a,f,i,r
k,a,h,a,l
k,a,i,a,k
k,a,i,k,a
k,a,i,n,g
k,a,l,a,m
k,a,l,i,f
k,a,l,p,a
k,a,m,i,k
k,a,m,m,e
k,a,n,a,e
k,a,n,d,y
k,a,n,e,h
k,a,n,g,a
k,a,n,j,i
k,a,n,z,u
k,a,p,o,k
k,a,p,o,w
k,a,p,p,a
k,a,p,u,t
k,a,r,a,t
k,a,r,m,a
k,a,r,o,o
k,a,r,r,i
k,a,r,s,t
k,a,r,s,y
k,a,r,z,y
k,a,s,h,a
k,a,s,m,e
k,a,t,a,l
k,a,t,t,i
k,a,u,g,h
k,a,u,r,i
k,a,u,r,u
k,a,u,r,y
k,a,v,a,l
k,a,w,a,u
k,a,w,e,d
k,a,y,a,k
k,a,y,l,e
k,a,z,o,o
k,e,b,a,b
k,e,b,a,r
k,e,b,o,b
k,e,d,g,e
k,e,d,g,y
k,e,e,c,h
k,e,e,m,a
k,e,e,n,o
k,e,e,v,e
k,e,f,i,r
k,e,h,u,a
k,e,l,e,p
k,e,l,i,m
k,e,l,l,y
k,e,l,p,y
k,e,l,t,y
k,e,m,b,o
k,e,m,p,t
k,e,m,p,y
k,e,n,a,f
k,e,n,c,h
k,e,n,d,o
k,e,n,t,e
k,e,r,e,l
k,e,r,k,y
k,e,r,m,a
k,e,r,n,e
k,e,r,r,y
k,e,r,v,e
k,e,s,a,r
k,e,t,c,h
k,e,t,o,l
k,e,v,e,l
k,e,v,i,l
k,e,x,e,s
k,e,y,e,d
k,e,y,e,r
k,h,a,d,i
k,h,a,k,i
k,h,a,p,h
k,h,a,y,a
k,h,a,z,i
k,h,e,d,a
k,h,e,t,h
k,h,o,j,a
k,h,o,u,m
k,i,a,a,t
k,i,a,c,k
k,i,a,n,g
k,i,b,b,e
k,i,b,b,i
k,i,b,e,i
k,i,b,l,a
k,i,c,k,y
k,i,d,d,o
k,i,d,d,y
k,i,d,e,l
k,i,d,g,e
k,i,e,v,e
k,i,g,h,t
k,i,k,o,i
k,i,l,e,y
k,i,l,i,m
k,i,l,t,y
k,i,m,b,o
k,i,n,d,a
k,i,n,d,y
k,i,n,i,n
k,i,n,k,y
k,i,o,r,e
k,i,o,s,k
k,i,p,p,a
k,i,r,b,y
k,i,r,r,i
k,i,s,a,n
k,i,s,s,y
k,i,t,e,d
k,i,t,e,r
k,i,t,h,e
k,i,t,t,y
k,i,t,u,l
k,l,a,n,g
k,l,e,t,t
k,l,i,c,k
k,l,i,e,g
k,l,o,n,g
k,l,o,o,f
k,l,u,g,e
k,l,u,t,z
k,n,a,c,k
k,n,a,r,l
k,n,a,u,r
k,n,a,v,e
k,n,a,w,e
k,n,e,a,d
k,n,e,e,d
k,n,e,e,l
k,n,e,l,l
k,n,e,l,t
k,n,i,f,e
k,n,i,s,h
k,n,i,v,e
k,n,o,c,k
k,n,o,l,l
k,n,o,s,p
k,n,o,u,t
k,n,o,w,e
k,n,o,w,n
k,n,u,r,l
k,n,u,r,r
k,o,a,l,a
k,o,b,a,n
k,o,f,t,a
k,o,g,a,l
k,o,h,e,n
k,o,i,n,e
k,o,k,a,m
k,o,k,e,r
k,o,k,r,a
k,o,k,u,m
k,o,m,b,u
k,o,n,b,u
k,o,n,d,o
k,o,o,k,y
k,o,o,r,i
k,o,p,e,k
k,o,p,j,e
k,o,p,p,a
k,o,r,a,i
k,o,r,a,t
k,o,r,m,a
k,o,r,u,n
k,o,s,e,s
k,o,t,c,h
k,o,t,o,w
k,o,u,r,a
k,r,a,a,l
k,r,a,f,t
k,r,a,i,t
k,r,a,n,g
k,r,a,n,s
k,r,a,n,z
k,r,a,u,t
k,r,e,e,p
k,r,e,n,g
k,r,e,w,e
k,r,i,l,l
k,r,o,n,a
k,r,o,n,e
k,r,o,o,n
k,r,u,b,i
k,r,u,n,k
k,u,b,i,e
k,u,d,z,u
k,u,g,e,l
k,u,k,r,i
k,u,l,a,k
k,u,l,a,n
k,u,l,f,i
k,u,m,i,s
k,u,m,y,s
k,u,r,r,e
k,u,r,t,a
k,u,s,s,o
k,u,t,c,h
k,v,e,l,l
k,w,e,l,a
k,y,a,c,k
k,y,a,n,g
k,y,d,s,t
k,y,l,i,e
k,y,l,i,n
k,y,l,i,x
k,y,l,o,e
k,y,n,d,e
k,y,r,i,e
k,y,t,h,e
l,a,a,r,i
l,a,b,d,a
l,a,b,e,l
l,a,b,i,a
l,a,b,i,s
l,a,b,o,r
l,a,b,r,a
l,a,c,e,d
l,a,c,e,r
l,a,c,e,t
l,a,c,e,y
l,a,d,d,y
l,a,d,e,d
l,a,d,e,n
l,a,d,e,r
l,a,d,l,e
l,a,e,v,o
l,a,g,a,n
l,a,g,e,r
l,a,h,a,l
l,a,h,a,r
l,a,i,c,h
l,a,i,g,h
l,a,i,k,a
l,a,i,r,d
l,a,i,r,y
l,a,i,t,h
l,a,i,t,y
l,a,k,e,d
l,a,k,e,r
l,a,k,i,n
l,a,k,s,a
l,a,l,d,y
l,a,m,b,y
l,a,m,e,d
l,a,m,e,r
l,a,m,i,a
l,a,m,m,y
l,a,n,a,i
l,a,n,c,e
l,a,n,c,h
l,a,n,d,e
l,a,n,k,y
l,a,p,e,l
l,a,p,i,n
l,a,p,i,s
l,a,p,j,e
l,a,p,s,e
l,a,r,c,h
l,a,r,d,y
l,a,r,e,e
l,a,r,g,e
l,a,r,g,o
l,a,r,k,y
l,a,r,n,t
l,a,r,u,m
l,a,r,v,a
l,a,s,e,d
l,a,s,e,r
l,a,s,s,i
l,a,s,s,o
l,a,s,s,u
l,a,s,s,y
l,a,t,a,h
l,a,t,c,h
l,a,t,e,d
l,a,t,e,n
l,a,t,e,r
l,a,t,e,x
l,a,t,h,e
l,a,t,h,i
l,a,t,h,y
l,a,t,k,e
l,a,t,t,e
l,a,u,a,n
l,a,u,c,h
l,a,u,g,h
l,a,u,n,d
l,a,u,r,a
l,a,v,a,l
l,a,v,e,d
l,a,v,e,r
l,a,v,r,a
l,a,v,v,y
l,a,w,e,d
l,a,w,e,r
l,a,w,i,n
l,a,w,n,y
l,a,x,e,d
l,a,x,e,r
l,a,x,e,s
l,a,x,l,y
l,a,y,e,d
l,a,y,e,r
l,a,y,i,n
l,a,y,u,p
l,a,z,a,r
l,a,z,e,d
l,a,z,z,i
l,a,z,z,o
l,e,a,c,h
l,e,a,d,y
l,e,a,f,y
l,e,a,k,y
l,e,a,n,t
l,e,a,n,y
l,e,a,p,t
l,e,a,r,e
l,e,a,r,n
l,e,a,r,y
l,e,a,s,e
l,e,a,s,h
l,e,a,s,t
l,e,a,v,e
l,e,a,v,y
l,e,a,z,e
l,e,b,e,n
l,e,c,c,y
l,e,d,g,e
l,e,d,g,y
l,e,d,u,m
l,e,e,a,r
l,e,e,c,h
l,e,e,r,y
l,e,e,s,e
l,e,e,z,e
l,e,f,t,e
l,e,f,t,y
l,e,g,a,l
l,e,g,e,r
l,e,g,e,s
l,e,g,g,e
l,e,g,g,o
l,e,g,g,y
l,e,g,i,t
l,e,h,u,a
l,e,i,s,h
l,e,m,a,n
l,e,m,e,d
l,e,m,e,l
l,e,m,m,a
l,e,m,m,e
l,e,m,o,n
l,e,m,u,r
l,e,n,e,s
l,e,n,i,s
l,e,n,s,e
l,e,n,t,i
l,e,n,t,o
l,e,o,n,e
l,e,p,e,r
l,e,p,i,d
l,e,p,r,a
l,e,p,t,a
l,e,r,e,d
l,e,s,b,o
l,e,s,e,s
l,e,t,c,h
l,e,t,h,e
l,e,t,u,p
l,e,u,c,h
l,e,u,c,o
l,e,u,g,h
l,e,v,e,e
l,e,v,e,l
l,e,v,e,r
l,e,v,i,n
l,e,v,i,s
l,e,w,i,s
l,e,x,e,s
l,e,x,i,s
l,e,z,e,s
l,e,z,z,a
l,e,z,z,y
l,i,a,n,a
l,i,a,n,e
l,i,a,n,g
l,i,a,r,d
l,i,a,r,t
l,i,b,e,l
l,i,b,e,r
l,i,b,r,a
l,i,b,r,i
l,i,c,h,i
l,i,c,h,t
l,i,c,i,t
l,i,d,a,r
l,i,e,g,e
l,i,e,v,e
l,i,f,e,r
l,i,g,a,n
l,i,g,e,r
l,i,g,g,e
l,i,g,h,t
l,i,g,n,e
l,i,k,e,d
l,i,k,e,n
l,i,k,e,r
l,i,k,i,n
l,i,l,a,c
l,i,m,a,n
l,i,m,a,x
l,i,m,b,a
l,i,m,b,i
l,i,m,b,o
l,i,m,b,y
l,i,m,e,d
l,i,m,e,n
l,i,m,e,y
l,i,m,i,t
l,i,m,m,a
l,i,m,p,a
l,i,n,a,c
l,i,n,c,h
l,i,n,d,y
l,i,n,e,d
l,i,n,e,n
l,i,n,e,r
l,i,n,e,y
l,i,n,g,a
l,i,n,g,o
l,i,n,g,y
l,i,n,i,n
l,i,n,k,y
l,i,n,n,y
l,i,n,t,y
l,i,n,u,m
l,i,n,u,x
l,i,p,i,d
l,i,p,i,n
l,i,p,p,y
l,i,r,o,t
l,i,s,l,e
l,i,t,a,i
l,i,t,a,s
l,i,t,e,d
l,i,t,e,r
l,i,t,h,e
l,i,t,h,o
l,i,t,r,e
l,i,v,e,d
l,i,v,e,n
l,i,v,e,r
l,i,v,i,d
l,i,v,o,r
l,i,v,r,e
l,l,a,m,a
l,l,a,n,o
l,o,a,c,h
l,o,a,m,y
l,o,a,s,t
l,o,a,t,h
l,o,a,v,e
l,o,b,a,r
l,o,b,b,y
l,o,b,e,d
l,o,b,u,s
l,o,c,a,l
l,o,c,h,e
l,o,c,i,e
l,o,c,u,m
l,o,c,u,s
l,o,d,e,n
l,o,d,g,e
l,o,e,s,s
l,o,f,t,y
l,o,g,a,n
l,o,g,g,y
l,o,g,i,a
l,o,g,i,c
l,o,g,i,e
l,o,g,i,n
l,o,g,o,i
l,o,g,o,n
l,o,h,a,n
l,o,i,p,e
l,o,l,l,y
l,o,l,o,g
l,o,m,e,d
l,o,n,e,r
l,o,n,g,a
l,o,n,g,e
l,o,o,b,y
l,o,o,e,d
l,o,o,e,y
l,o,o,f,a
l,o,o,i,e
l,o,o,k,y
l,o,o,n,y
l,o,o,p,y
l,o,o,r,d
l,o,o,s,e
l,o,p,e,d
l,o,p,e,r
l,o,p,p,y
l,o,r,a,l
l,o,r,a,n
l,o,r,d,y
l,o,r,e,l
l,o,r,i,c
l,o,r,i,s
l,o,r,r,y
l,o,s,e,d
l,o,s,e,l
l,o,s,e,n
l,o,s,e,r
l,o,s,s,y
l,o,t,a,h
l,o,t,i,c
l,o,t,s,a
l,o,t,t,a
l,o,t,t,e
l,o,t,t,o
l,o,t,u,s
l,o,u,e,d
l,o,u,g,h
l,o,u,i,e
l,o,u,i,s
l,o,u,m,a
l,o,u,n,d
l,o,u,p,e
l,o,u,r,e
l,o,u,r,y
l,o,u,s,e
l,o,u,s,y
l,o,v,a,t
l,o,v,e,d
l,o,v,e,r
l,o,v,e,y
l,o,v,i,e
l,o,w,a,n
l,o,w,e,d
l,o,w,e,r
l,o,w,l,y
l,o,w,n,d
l,o,w,n,e
l,o,w,r,y
l,o,w,s,e
l,o,x,e,d
l,o,x,e,s
l,o,y,a,l
l,o,z,e,n
l,u,a,c,h
l,u,b,e,d
l,u,b,r,a
l,u,c,i,d
l,u,c,k,y
l,u,c,r,e
l,u,d,i,c
l,u,f,f,a
l,u,g,e,d
l,u,g,e,r
l,u,m,b,i
l,u,m,e,n
l,u,m,m,e
l,u,m,m,y
l,u,m,p,y
l,u,n,a,r
l,u,n,c,h
l,u,n,e,t
l,u,n,g,e
l,u,n,g,i
l,u,p,i,n
l,u,p,u,s
l,u,r,c,h
l,u,r,e,d
l,u,r,e,r
l,u,r,e,x
l,u,r,g,i
l,u,r,g,y
l,u,r,i,d
l,u,r,r,y
l,u,r,v,e
l,u,s,e,r
l,u,s,h,y
l,u,s,t,y
l,u,s,u,s
l,u,t,e,a
l,u,t,e,d
l,u,t,e,r
l,u,v,v,y
l,u,x,e,d
l,u,x,e,r
l,y,a,r,d
l,y,a,r,t
l,y,a,s,e
l,y,c,e,a
l,y,c,e,e
l,y,c,r,a
l,y,i,n,g
l,y,m,p,h
l,y,n,c,h
l,y,r,i,c
l,y,s,e,d
l,y,s,i,n
l,y,s,i,s
l,y,s,o,l
l,y,s,s,a
l,y,t,e,d
l,y,t,h,e
l,y,t,i,c
l,y,t,t,a
m,a,a,e,d
m,a,a,r,e
m,a,c,a,w
m,a,c,e,d
m,a,c,e,r
m,a,c,h,e
m,a,c,h,i
m,a,c,h,o
m,a,c,l,e
m,a,c,o,n
m,a,c,r,o
m,a,d,a,m
m,a,d,g,e
m,a,d,i,d
m,a,d,l,y
m,a,d,r,e
m,a,e,r,l
m,a,f,i,a
m,a,f,i,c
m,a,g,i,c
m,a,g,m,a
m,a,g,o,t
m,a,g,u,s
m,a,h,o,e
m,a,h,u,a
m,a,h,w,a
m,a,i,k,o
m,a,i,l,e
m,a,i,l,l
m,a,i,r,e
m,a,i,s,e
m,a,i,s,t
m,a,i,z,e
m,a,j,o,r
m,a,k,a,r
m,a,k,e,r
m,a,l,a,m
m,a,l,a,r
m,a,l,a,x
m,a,l,i,c
m,a,l,i,k
m,a,l,m,y
m,a,l,t,y
m,a,l,u,s
m,a,l,v,a
m,a,l,w,a
m,a,m,b,a
m,a,m,b,o
m,a,m,e,e
m,a,m,e,y
m,a,m,i,e
m,a,m,m,a
m,a,m,m,y
m,a,n,a,t
m,a,n,d,i
m,a,n,e,b
m,a,n,e,d
m,a,n,e,h
m,a,n,e,t
m,a,n,g,a
m,a,n,g,e
m,a,n,g,o
m,a,n,g,y
m,a,n,i,a
m,a,n,i,c
m,a,n,k,y
m,a,n,l,y
m,a,n,n,a
m,a,n,o,r
m,a,n,s,e
m,a,n,t,a
m,a,n,t,o
m,a,n,t,y
m,a,n,u,l
m,a,n,u,s
m,a,p,a,u
m,a,p,l,e
m,a,q,u,i
m,a,r,a,e
m,a,r,a,h
m,a,r,c,h
m,a,r,d,y
m,a,r,g,e
m,a,r,i,a
m,a,r,i,d
m,a,r,k,a
m,a,r,l,e
m,a,r,l,y
m,a,r,o,n
m,a,r,o,r
m,a,r,r,a
m,a,r,r,i
m,a,r,r,y
m,a,r,s,e
m,a,r,s,h
m,a,r,v,y
m,a,s,e,d
m,a,s,e,r
m,a,s,h,y
m,a,s,o,n
m,a,s,s,a
m,a,s,s,e
m,a,s,s,y
m,a,s,t,y
m,a,t,a,i
m,a,t,c,h
m,a,t,e,d
m,a,t,e,r
m,a,t,e,y
m,a,t,i,n
m,a,t,l,o
m,a,t,t,e
m,a,t,z,a
m,a,t,z,o
m,a,u,b,y
m,a,u,n,d
m,a,u,r,i
m,a,u,s,y
m,a,u,v,e
m,a,u,z,y
m,a,v,e,n
m,a,v,i,e
m,a,v,i,n
m,a,v,i,s
m,a,w,e,d
m,a,w,k,y
m,a,x,e,d
m,a,x,e,s
m,a,x,i,m
m,a,y,a,n
m,a,y,b,e
m,a,y,e,d
m,a,y,o,r
m,a,y,s,t
m,a,z,e,d
m,a,z,e,r
m,a,z,e,y
m,a,z,u,t
m,b,i,r,a
m,e,a,l,y
m,e,a,n,e
m,e,a,n,t
m,e,a,n,y
m,e,a,r,e
m,e,a,s,e
m,e,a,t,h
m,e,a,t,y
m,e,b,o,s
m,e,c,c,a
m,e,d,a,l
m,e,d,i,a
m,e,d,i,c
m,e,d,i,i
m,e,d,l,e
m,e,i,n,t
m,e,i,n,y
m,e,i,t,h
m,e,k,k,a
m,e,l,b,a
m,e,l,e,e
m,e,l,i,c
m,e,l,i,k
m,e,l,o,n
m,e,l,t,y
m,e,n,a,d
m,e,n,e,d
m,e,n,g,e
m,e,n,s,a
m,e,n,s,e
m,e,n,s,h
m,e,n,t,a
m,e,n,t,o
m,e,r,c,h
m,e,r,c,y
m,e,r,d,e
m,e,r,e,d
m,e,r,e,l
m,e,r,e,r
m,e,r,g,e
m,e,r,i,l
m,e,r,i,t
m,e,r,l,e
m,e,r,r,y
m,e,r,s,e
m,e,s,a,l
m,e,s,e,l
m,e,s,h,y
m,e,s,i,c
m,e,s,n,e
m,e,s,o,n
m,e,s,s,y
m,e,s,t,o
m,e,t,a,l
m,e,t,e,d
m,e,t,e,r
m,e,t,h,o
m,e,t,i,c
m,e,t,i,f
m,e,t,i,s
m,e,t,o,l
m,e,t,r,e
m,e,t,r,o
m,e,u,s,e
m,e,v,e,d
m,e,w,e,d
m,e,y,n,t
m,e,z,z,e
m,e,z,z,o
m,h,o,r,r
m,i,a,o,u
m,i,a,o,w
m,i,a,s,m
m,i,a,u,l
m,i,c,h,e
m,i,c,h,t
m,i,c,k,y
m,i,c,r,a
m,i,c,r,o
m,i,d,d,y
m,i,d,g,e
m,i,d,g,y
m,i,d,s,t
m,i,e,v,e
m,i,f,f,y
m,i,f,t,y
m,i,g,h,t
m,i,k,e,d
m,i,k,r,a
m,i,k,v,a
m,i,l,c,h
m,i,l,e,r
m,i,l,i,a
m,i,l,k,o
m,i,l,k,y
m,i,l,l,e
m,i,l,o,r
m,i,l,p,a
m,i,l,t,y
m,i,l,t,z
m,i,m,e,d
m,i,m,e,o
m,i,m,e,r
m,i,m,i,c
m,i,m,s,y
m,i,n,a,e
m,i,n,a,r
m,i,n,c,e
m,i,n,c,y
m,i,n,e,d
m,i,n,e,r
m,i,n,g,e
m,i,n,g,y
m,i,n,i,m
m,i,n,k,e
m,i,n,n,y
m,i,n,o,r
m,i,n,t,y
m,i,n,u,s
m,i,r,e,d
m,i,r,e,x
m,i,r,i,d
m,i,r,i,n
m,i,r,k,y
m,i,r,l,y
m,i,r,t,h
m,i,r,z,a
m,i,s,c,h
m,i,s,d,o
m,i,s,e,r
m,i,s,g,o
m,i,s,s,a
m,i,s,s,y
m,i,s,t,y
m,i,t,c,h
m,i,t,e,r
m,i,t,i,s
m,i,t,r,e
m,i,x,e,d
m,i,x,e,n
m,i,x,e,r
m,i,x,e,s
m,i,x,t,e
m,i,x,u,p
m,i,z,e,n
m,i,z,z,y
m,n,e,m,e
m,o,b,b,y
m,o,b,e,y
m,o,b,i,e
m,o,b,l,e
m,o,c,h,a
m,o,c,h,i
m,o,c,h,y
m,o,d,a,l
m,o,d,e,l
m,o,d,e,m
m,o,d,e,r
m,o,d,g,e
m,o,d,i,i
m,o,d,u,s
m,o,g,g,y
m,o,g,u,l
m,o,h,e,l
m,o,h,u,a
m,o,h,u,r
m,o,i,l,e
m,o,i,r,a
m,o,i,r,e
m,o,i,s,t
m,o,l,a,l
m,o,l,a,r
m,o,l,d,y
m,o,l,e,d
m,o,l,l,a
m,o,l,l,y
m,o,l,t,o
m,o,m,m,a
m,o,m,m,y
m,o,m,u,s
m,o,n,a,d
m,o,n,a,l
m,o,n,d,e
m,o,n,d,o
m,o,n,e,r
m,o,n,e,y
m,o,n,g,o
m,o,n,i,c
m,o,n,i,e
m,o,n,t,e
m,o,n,t,h
m,o,n,t,y
m,o,o,b,s
m,o,o,c,h
m,o,o,d,y
m,o,o,e,d
m,o,o,l,a
m,o,o,l,i
m,o,o,l,y
m,o,o,n,g
m,o,o,n,y
m,o,o,r,y
m,o,o,s,e
m,o,o,v,e
m,o,p,e,d
m,o,p,e,r
m,o,p,e,y
m,o,p,p,y
m,o,p,s,y
m,o,p,u,s
m,o,r,a,e
m,o,r,a,l
m,o,r,a,t
m,o,r,a,y
m,o,r,e,l
m,o,r,i,a
m,o,r,n,e
m,o,r,o,n
m,o,r,p,h
m,o,r,r,a
m,o,r,r,o
m,o,r,s,e
m,o,s,e,d
m,o,s,e,y
m,o,s,s,o
m,o,s,s,y
m,o,s,t,e
m,o,t,e,d
m,o,t,e,l
m,o,t,e,n
m,o,t,e,t
m,o,t,e,y
m,o,t,h,y
m,o,t,i,f
m,o,t,o,r
m,o,t,t,e
m,o,t,t,o
m,o,t,t,y
m,o,t,z,a
m,o,u,c,h
m,o,u,l,d
m,o,u,l,s
m,o,u,l,t
m,o,u,n,d
m,o,u,n,t
m,o,u,r,n
m,o,u,s,e
m,o,u,s,t
m,o,u,s,y
m,o,u,t,h
m,o,v,e,d
m,o,v,e,r
m,o,v,i,e
m,o,w,e,d
m,o,w,e,r
m,o,w,r,a
m,o,x,i,e
m,o,y,l,e
m,o,z,e,d
m,p,r,e,t
m,u,c,h,o
m,u,c,i,c
m,u,c,i,d
m,u,c,i,n
m,u,c,k,y
m,u,c,o,r
m,u,c,r,o
m,u,c,u,s
m,u,d,d,y
m,u,d,g,e
m,u,d,i,r
m,u,d,r,a
m,u,f,t,i
m,u,g,g,a
m,u,g,g,y
m,u,h,l,y
m,u,i,s,t
m,u,j,i,k
m,u,l,c,h
m,u,l,c,t
m,u,l,e,d
m,u,l,e,y
m,u,l,g,a
m,u,l,i,e
m,u,l,l,a
m,u,l,s,e
m,u,l,s,h
m,u,m,m,y
m,u,m,s,y
m,u,n,c,h
m,u,n,g,a
m,u,n,g,e
m,u,n,g,o
m,u,n,t,u
m,u,r,a,l
m,u,r,e,d
m,u,r,e,x
m,u,r,i,d
m,u,r,k,y
m,u,r,l,y
m,u,r,r,a
m,u,r,r,e
m,u,r,r,i
m,u,r,r,y
m,u,r,t,i
m,u,r,v,a
m,u,s,a,r
m,u,s,c,a
m,u,s,e,d
m,u,s,e,r
m,u,s,e,t
m,u,s,h,a
m,u,s,h,y
m,u,s,i,c
m,u,s,i,t
m,u,s,k,y
m,u,s,s,e
m,u,s,s,y
m,u,s,t,h
m,u,s,t,y
m,u,t,c,h
m,u,t,e,d
m,u,t,e,r
m,u,t,h,a
m,u,t,o,n
m,u,x,e,d
m,u,x,e,s
m,u,z,a,k
m,u,z,z,y
m,v,u,l,e
m,y,a,l,l
m,y,l,a,r
m,y,n,a,h
m,y,o,i,d
m,y,o,m,a
m,y,o,p,e
m,y,o,p,s
m,y,o,p,y
m,y,r,r,h
m,y,s,i,d
m,y,t,h,i
m,y,t,h,y
n,a,b,i,s
n,a,b,l,a
n,a,b,o,b
n,a,c,h,e
n,a,c,h,o
n,a,c,r,e
n,a,d,i,r
n,a,e,v,e
n,a,e,v,i
n,a,g,g,y
n,a,g,o,r
n,a,h,a,l
n,a,i,a,d
n,a,i,r,a
n,a,i,r,u
n,a,i,v,e
n,a,k,e,d
n,a,k,e,r
n,a,k,f,a
n,a,l,e,d
n,a,l,l,a
n,a,m,e,d
n,a,m,e,r
n,a,m,m,a
n,a,n,c,e
n,a,n,c,y
n,a,n,d,u
n,a,n,n,a
n,a,n,n,y
n,a,n,u,a
n,a,p,e,d
n,a,p,o,o
n,a,p,p,a
n,a,p,p,e
n,a,p,p,y
n,a,r,a,s
n,a,r,c,o
n,a,r,i,c
n,a,r,i,s
n,a,r,k,y
n,a,r,r,e
n,a,s,a,l
n,a,s,h,i
n,a,s,t,y
n,a,t,a,l
n,a,t,c,h
n,a,t,e,s
n,a,t,i,s
n,a,t,t,y
n,a,u,c,h
n,a,u,n,t
n,a,v,a,l
n,a,v,a,r
n,a,v,e,l
n,a,v,e,w
n,a,v,v,y
n,a,w,a,b
n,a,z,i,r
n,d,u,j,a
n,e,a,f,e
n,e,a,t,h
n,e,b,e,k
n,e,b,e,l
n,e,d,d,y
n,e,e,d,y
n,e,e,l,d
n,e,e,l,e
n,e,e,m,b
n,e,e,s,e
n,e,e,z,e
n,e,g,r,o
n,e,g,u,s
n,e,i,g,h
n,e,i,s,t
n,e,i,v,e
n,e,l,i,s
n,e,l,l,y
n,e,m,p,t
n,e,p,e,r
n,e,p,i,t
n,e,r,a,l
n,e,r,d,y
n,e,r,k,a
n,e,r,o,l
n,e,r,t,s
n,e,r,t,z
n,e,r,v,e
n,e,r,v,y
n,e,t,o,p
n,e,t,t,y
n,e,u,m,e
n,e,v,e,l
n,e,v,e,r
n,e,v,u,s
n,e,w,e,d
n,e,w,e,l
n,e,w,e,r
n,e,w,i,e
n,e,w,l,y
n,e,w,s,y
n,e,x,u,s
n,g,a,i,o
n,g,a,n,a
n,g,a,t,i
n,g,o,m,a
n,g,w,e,e
n,i,c,a,d
n,i,c,e,r
n,i,c,h,e
n,i,c,h,t
n,i,c,o,l
n,i,d,a,l
n,i,d,e,d
n,i,d,o,r
n,i,d,u,s
n,i,e,c,e
n,i,e,v,e
n,i,f,f,y
n,i,f,t,y
n,i,g,e,r
n,i,g,h,t
n,i,h,i,l
n,i,k,a,b
n,i,k,a,h
n,i,k,a,u
n,i,m,b,i
n,i,m,p,s
n,i,n,e,r
n,i,n,j,a
n,i,n,n,y
n,i,n,o,n
n,i,n,t,h
n,i,p,p,y
n,i,q,a,b
n,i,r,l,y
n,i,s,e,i
n,i,s,s,e
n,i,s,u,s
n,i,t,e,r
n,i,t,i,d
n,i,t,o,n
n,i,t,r,e
n,i,t,r,o
n,i,t,r,y
n,i,t,t,y
n,i,v,a,l
n,i,x,e,d
n,i,x,e,r
n,i,x,i,e
n,i,z,a,m
n,k,o,s,i
n,o,b,b,y
n,o,b,l,e
n,o,b,l,y
n,o,d,a,l
n,o,d,d,y
n,o,d,u,s
n,o,h,o,w
n,o,i,l,y
n,o,i,n,t
n,o,i,s,e
n,o,i,s,y
n,o,m,a,d
n,o,m,e,n
n,o,m,i,c
n,o,m,o,i
n,o,m,o,s
n,o,n,c,e
n,o,n,e,t
n,o,n,n,y
n,o,n,y,l
n,o,o,i,t
n,o,o,k,y
n,o,o,s,e
n,o,p,a,l
n,o,r,i,a
n,o,r,m,a
n,o,r,t,h
n,o,s,e,d
n,o,s,e,r
n,o,s,e,y
n,o,t,a,l
n,o,t,c,h
n,o,t,e,d
n,o,t,e,r
n,o,t,u,m
n,o,u,l,d
n,o,u,l,e
n,o,u,n,y
n,o,v,a,e
n,o,v,e,l
n,o,v,u,m
n,o,w,a,y
n,o,w,e,d
n,o,w,t,y
n,o,x,a,l
n,o,x,e,s
n,o,y,a,u
n,o,y,e,d
n,o,y,e,s
n,u,b,b,y
n,u,b,i,a
n,u,c,h,a
n,u,d,d,y
n,u,d,e,r
n,u,d,g,e
n,u,d,i,e
n,u,d,z,h
n,u,g,a,e
n,u,k,e,d
n,u,l,l,a
n,u,m,e,n
n,u,m,m,y
n,u,n,n,y
n,u,r,d,y
n,u,r,s,e
n,u,t,s,o
n,u,t,s,y
n,u,t,t,y
n,y,a,f,f
n,y,a,l,a
n,y,i,n,g
n,y,l,o,n
n,y,m,p,h
n,y,s,s,a
o,a,k,e,d
o,a,k,e,n
o,a,k,e,r
o,a,k,u,m
o,a,r,e,d
o,a,s,e,s
o,a,s,i,s
o,a,t,e,n
o,a,t,e,r
o,a,v,e,s
o,b,a,n,g
o,b,e,a,h
o,b,e,l,i
o,b,e,s,e
o,b,i,e,d
o,b,i,i,t
o,b,j,e,t
o,b,o,l,e
o,b,o,l,i
o,c,c,a,m
o,c,c,u,r
o,c,e,a,n
o,c,h,e,r
o,c,h,r,e
o,c,h,r,y
o,c,k,e,r
o,c,r,e,a
o,c,t,a,d
o,c,t,a,l
o,c,t,a,n
o,c,t,e,t
o,c,t,y,l
o,c,u,l,i
o,d,d,e,r
o,d,d,l,y
o,d,e,o,n
o,d,e,u,m
o,d,i,s,m
o,d,i,s,t
o,d,i,u,m
o,d,o,u,r
o,d,y,l,e
o,f,f,a,l
o,f,f,e,d
o,f,f,e,r
o,f,f,i,e
o,f,l,a,g
o,f,t,e,n
o,f,t,e,r
o,g,e,e,d
o,g,g,i,n
o,g,h,a,m
o,g,i,v,e
o,g,l,e,d
o,g,l,e,r
o,g,m,i,c
o,h,i,n,g
o,h,m,i,c
o,h,o,n,e
o,i,d,i,a
o,i,l,e,d
o,i,l,e,r
o,j,i,m,e
o,k,a,p,i
o,l,d,e,n
o,l,d,e,r
o,l,d,i,e
o,l,e,i,c
o,l,e,i,n
o,l,e,n,t
o,l,e,u,m
o,l,i,v,e
o,l,l,a,v
o,l,l,e,r
o,l,l,i,e
o,l,o,g,y
o,l,p,a,e
o,m,a,s,a
o,m,b,e,r
o,m,b,r,e
o,m,e,g,a
o,m,l,a,h
o,m,r,a,h
o,n,c,e,r
o,n,c,e,t
o,n,c,u,s
o,n,e,l,y
o,n,e,r,y
o,n,i,o,n
o,n,i,u,m
o,n,k,u,s
o,n,l,a,y
o,n,n,e,d
o,n,s,e,t
o,n,t,i,c
o,o,b,i,t
o,o,h,e,d
o,o,m,p,h
o,o,p,e,d
o,o,r,i,e
o,o,t,i,d
o,o,z,e,d
o,p,e,p,e
o,p,e,r,a
o,p,i,n,e
o,p,i,n,g
o,p,i,u,m
o,p,s,i,n
o,p,t,e,d
o,p,t,e,r
o,p,t,i,c
o,r,a,c,h
o,r,a,c,y
o,r,a,n,g
o,r,a,n,t
o,r,a,t,e
o,r,b,e,d
o,r,b,i,t
o,r,c,i,n
o,r,d,e,r
o,r,e,a,d
o,r,g,a,n
o,r,g,i,a
o,r,g,i,c
o,r,g,u,e
o,r,i,b,i
o,r,i,e,l
o,r,i,x,a
o,r,l,o,n
o,r,l,o,p
o,r,m,e,r
o,r,n,i,s
o,r,p,i,n
o,r,r,i,s
o,r,t,h,o
o,r,v,a,l
o,s,c,a,r
o,s,h,a,c
o,s,i,e,r
o,s,m,i,c
o,s,m,o,l
o,s,s,i,a
o,s,t,i,a
o,t,a,k,u
o,t,a,r,y
o,t,h,e,r
o,t,t,a,r
o,t,t,e,r
o,u,b,i,t
o,u,c,h,t
o,u,e,n,s
o,u,g,h,t
o,u,i,j,a
o,u,n,c,e
o,u,n,d,y
o,u,p,e,d
o,u,p,h,e
o,u,r,i,e
o,u,s,e,l
o,u,t,b,y
o,u,t,d,o
o,u,t,e,d
o,u,t,e,r
o,u,t,g,o
o,u,t,r,e
o,u,t,r,o
o,u,t,t,a
o,u,z,e,l
o,v,a,r,y
o,v,a,t,e
o,v,e,r,t
o,v,i,n,e
o,v,i,s,t
o,v,o,i,d
o,v,o,l,i
o,v,o,l,o
o,v,u,l,e
o,w,c,h,e
o,w,i,n,g
o,w,l,e,d
o,w,l,e,r
o,w,l,e,t
o,w,n,e,d
o,w,n,e,r
o,w,r,i,e
o,w,s,e,n
o,x,b,o,w
o,x,e,y,e
o,x,i,d,e
o,x,i,e,s
o,x,i,m,e
o,x,l,i,p
o,x,t,e,r
o,z,e,k,i
o,z,o,n,e
o,z,z,i,e
p,a,c,e,d
p,a,c,e,r
p,a,c,e,y
p,a,c,h,a
p,a,c,t,a
p,a,d,d,y
p,a,d,l,e
p,a,d,m,a
p,a,d,r,e
p,a,d,r,i
p,a,e,a,n
p,a,e,d,o
p,a,e,o,n
p,a,g,a,n
p,a,g,e,d
p,a,g,e,r
p,a,g,l,e
p,a,g,o,d
p,a,g,r,i
p,a,i,n,t
p,a,i,r,e
p,a,i,s,a
p,a,i,s,e
p,a,k,k,a
p,a,l,a,s
p,a,l,a,y
p,a,l,e,a
p,a,l,e,d
p,a,l,e,r
p,a,l,e,t
p,a,l,k,i
p,a,l,l,a
p,a,l,l,y
p,a,l,m,y
p,a,l,p,i
p,a,l,s,a
p,a,l,s,y
p,a,m,p,a
p,a,n,a,x
p,a,n,c,e
p,a,n,d,a
p,a,n,d,y
p,a,n,e,d
p,a,n,e,l
p,a,n,g,a
p,a,n,i,c
p,a,n,i,m
p,a,n,k,o
p,a,n,n,e
p,a,n,n,i
p,a,n,s,y
p,a,n,t,o
p,a,n,t,y
p,a,o,l,i
p,a,o,l,o
p,a,p,a,l
p,a,p,a,w
p,a,p,e,r
p,a,p,p,i
p,a,p,p,y
p,a,r,a,e
p,a,r,c,h
p,a,r,d,i
p,a,r,d,y
p,a,r,e,d
p,a,r,e,n
p,a,r,e,o
p,a,r,e,r
p,a,r,e,u
p,a,r,e,v
p,a,r,g,e
p,a,r,g,o
p,a,r,i,s
p,a,r,k,a
p,a,r,k,i
p,a,r,k,y
p,a,r,l,e
p,a,r,l,y
p,a,r,m,a
p,a,r,o,l
p,a,r,r,a
p,a,r,r,y
p,a,r,s,e
p,a,r,t,i
p,a,r,t,y
p,a,r,v,e
p,a,r,v,o
p,a,s,e,o
p,a,s,h,a
p,a,s,h,m
p,a,s,k,a
p,a,s,p,y
p,a,s,s,e
p,a,s,t,a
p,a,s,t,e
p,a,s,t,y
p,a,t,c,h
p,a,t,e,d
p,a,t,e,n
p,a,t,e,r
p,a,t,i,n
p,a,t,i,o
p,a,t,k,a
p,a,t,l,y
p,a,t,s,y
p,a,t,t,e
p,a,t,t,y
p,a,u,s,e
p,a,v,a,n
p,a,v,e,d
p,a,v,e,n
p,a,v,e,r
p,a,v,i,d
p,a,v,i,n
p,a,v,i,s
p,a,w,a,w
p,a,w,e,d
p,a,w,e,r
p,a,w,k,y
p,a,x,e,s
p,a,y,e,d
p,a,y,e,e
p,a,y,e,r
p,a,y,o,r
p,a,y,s,d
p,e,a,c,e
p,e,a,c,h
p,e,a,g,e
p,e,a,k,y
p,e,a,r,e
p,e,a,r,l
p,e,a,r,t
p,e,a,s,e
p,e,a,t,y
p,e,a,v,y
p,e,a,z,e
p,e,c,a,n
p,e,c,k,e
p,e,c,k,y
p,e,d,a,l
p,e,d,e,s
p,e,d,r,o
p,e,e,c,e
p,e,e,o,y
p,e,e,p,e
p,e,e,r,y
p,e,e,v,e
p,e,g,g,y
p,e,i,s,e
p,e,i,z,e
p,e,k,a,n
p,e,k,i,n
p,e,k,o,e
p,e,l,a,u
p,e,l,m,a
p,e,l,o,n
p,e,l,t,a
p,e,n,a,l
p,e,n,c,e
p,e,n,d,u
p,e,n,e,d
p,e,n,g,o
p,e,n,i,e
p,e,n,n,a
p,e,n,n,e
p,e,n,n,i
p,e,n,n,y
p,e,o,n,y
p,e,p,l,a
p,e,p,p,y
p,e,p,s,i
p,e,r,a,i
p,e,r,c,e
p,e,r,c,h
p,e,r,d,u
p,e,r,d,y
p,e,r,e,a
p,e,r,i,l
p,e,r,k,y
p,e,r,o,g
p,e,r,r,y
p,e,r,s,e
p,e,r,s,t
p,e,r,v,e
p,e,r,v,o
p,e,r,v,y
p,e,s,k,y
p,e,s,t,o
p,e,s,t,y
p,e,t,a,l
p,e,t,a,r
p,e,t,e,r
p,e,t,i,t
p,e,t,r,e
p,e,t,r,i
p,e,t,t,i
p,e,t,t,o
p,e,t,t,y
p,e,w,e,e
p,e,w,i,t
p,e,y,s,e
p,h,a,g,e
p,h,a,n,g
p,h,a,r,e
p,h,a,r,m
p,h,a,s,e
p,h,e,e,r
p,h,e,n,e
p,h,e,o,n
p,h,e,s,e
p,h,i,a,l
p,h,i,s,h
p,h,i,z,z
p,h,l,o,x
p,h,o,c,a
p,h,o,n,e
p,h,o,n,o
p,h,o,n,y
p,h,o,t,o
p,h,p,h,t
p,h,y,l,a
p,h,y,l,e
p,i,a,n,i
p,i,a,n,o
p,i,b,a,l
p,i,c,a,l
p,i,c,c,y
p,i,c,k,y
p,i,c,o,t
p,i,c,r,a
p,i,c,u,l
p,i,e,c,e
p,i,e,n,d
p,i,e,r,t
p,i,e,t,a
p,i,e,t,y
p,i,e,z,o
p,i,g,g,y
p,i,g,h,t
p,i,g,m,y
p,i,i,n,g
p,i,k,a,u
p,i,k,e,d
p,i,k,e,r
p,i,k,e,y
p,i,k,u,l
p,i,l,a,e
p,i,l,a,f
p,i,l,a,o
p,i,l,a,r
p,i,l,a,u
p,i,l,a,w
p,i,l,c,h
p,i,l,e,a
p,i,l,e,d
p,i,l,e,i
p,i,l,e,r
p,i,l,o,t
p,i,l,o,w
p,i,l,u,m
p,i,l,u,s
p,i,n,c,h
p,i,n,e,d
p,i,n,e,y
p,i,n,g,o
p,i,n,k,o
p,i,n,k,y
p,i,n,n,a
p,i,n,n,y
p,i,n,o,n
p,i,n,o,t
p,i,n,t,a
p,i,n,t,o
p,i,n,u,p
p,i,o,n,y
p,i,o,u,s
p,i,o,y,e
p,i,p,a,l
p,i,p,e,d
p,i,p,e,r
p,i,p,e,t
p,i,p,i,t
p,i,p,p,y
p,i,p,u,l
p,i,q,u,e
p,i,r,a,i
p,i,r,o,g
p,i,s,c,o
p,i,s,k,y
p,i,s,s,y
p,i,s,t,e
p,i,t,c,h
p,i,t,h,y
p,i,t,o,n
p,i,t,o,t
p,i,t,t,a
p,i,v,o,t
p,i,x,e,l
p,i,x,e,s
p,i,x,i,e
p,i,z,e,d
p,i,z,z,a
p,l,a,a,s
p,l,a,c,e
p,l,a,c,k
p,l,a,g,e
p,l,a,i,d
p,l,a,i,n
p,l,a,i,t
p,l,a,n,e
p,l,a,n,k
p,l,a,n,t
p,l,a,s,h
p,l,a,s,m
p,l,a,s,t
p,l,a,t,e
p,l,a,t,t
p,l,a,t,y
p,l,a,y,a
p,l,a,z,a
p,l,e,a,d
p,l,e,a,t
p,l,e,b,e
p,l,e,n,a
p,l,e,o,n
p,l,e,s,h
p,l,i,c,a
p,l,i,e,d
p,l,i,e,r
p,l,i,n,g
p,l,i,n,k
p,l,o,a,t
p,l,o,n,g
p,l,o,n,k
p,l,o,o,k
p,l,o,t,z
p,l,o,u,k
p,l,o,y,e
p,l,u,c,k
p,l,u,f,f
p,l,u,m,b
p,l,u,m,e
p,l,u,m,p
p,l,u,m,y
p,l,u,n,k
p,l,u,o,t
p,l,u,s,h
p,l,u,t,o
p,l,y,e,r
p,o,a,c,h
p,o,a,k,a
p,o,a,k,e
p,o,b,o,y
p,o,c,k,y
p,o,d,a,l
p,o,d,d,y
p,o,d,e,x
p,o,d,g,e
p,o,d,g,y
p,o,d,i,a
p,o,e,s,y
p,o,g,e,y
p,o,g,g,e
p,o,h,e,d
p,o,i,l,u
p,o,i,n,d
p,o,i,n,t
p,o,i,s,e
p,o,k,a,l
p,o,k,e,d
p,o,k,e,r
p,o,k,e,y
p,o,k,i,e
p,o,l,a,r
p,o,l,e,d
p,o,l,e,r
p,o,l,e,y
p,o,l,i,o
p,o,l,i,s
p,o,l,j,e
p,o,l,k,a
p,o,l,l,y
p,o,l,y,p
p,o,m,b,e
p,o,m,m,y
p,o,n,c,e
p,o,n,c,y
p,o,n,e,y
p,o,n,g,a
p,o,n,g,o
p,o,n,g,y
p,o,n,t,y
p,o,n,z,u
p,o,o,c,h
p,o,o,e,d
p,o,o,f,y
p,o,o,j,a
p,o,o,k,a
p,o,o,p,y
p,o,o,r,i
p,o,o,r,t
p,o,o,v,e
p,o,o,v,y
p,o,p,p,a
p,o,p,p,y
p,o,p,s,y
p,o,r,a,e
p,o,r,a,l
p,o,r,c,h
p,o,r,e,d
p,o,r,e,r
p,o,r,g,e
p,o,r,g,y
p,o,r,i,n
p,o,r,k,y
p,o,r,n,o
p,o,r,n,y
p,o,r,t,a
p,o,r,t,y
p,o,s,e,d
p,o,s,e,r
p,o,s,e,y
p,o,s,h,o
p,o,s,i,t
p,o,s,s,e
p,o,t,a,e
p,o,t,c,h
p,o,t,e,d
p,o,t,i,n
p,o,t,o,o
p,o,t,s,y
p,o,t,t,o
p,o,t,t,y
p,o,u,c,h
p,o,u,f,f
p,o,u,k,e
p,o,u,l,e
p,o,u,l,p
p,o,u,l,t
p,o,u,n,d
p,o,u,p,e
p,o,u,p,t
p,o,u,t,y
p,o,w,a,n
p,o,w,e,r
p,o,w,i,n
p,o,w,n,d
p,o,w,n,y
p,o,w,r,e
p,o,x,e,d
p,o,x,e,s
p,o,y,n,t
p,o,y,o,u
p,o,y,s,e
p,o,z,z,y
p,r,a,a,m
p,r,a,h,u
p,r,a,n,a
p,r,a,n,g
p,r,a,n,k
p,r,a,s,e
p,r,a,t,e
p,r,a,t,t
p,r,a,t,y
p,r,a,w,n
p,r,e,d,y
p,r,e,e,d
p,r,e,e,n
p,r,e,i,f
p,r,e,m,y
p,r,e,n,t
p,r,e,o,n
p,r,e,o,p
p,r,e,s,a
p,r,e,s,e
p,r,e,s,s
p,r,e,s,t
p,r,e,v,e
p,r,e,x,y
p,r,i,a,l
p,r,i,c,e
p,r,i,c,k
p,r,i,c,y
p,r,i,d,e
p,r,i,e,d
p,r,i,e,f
p,r,i,e,r
p,r,i,e,s
p,r,i,l,l
p,r,i,m,a
p,r,i,m,e
p,r,i,m,i
p,r,i,m,o
p,r,i,m,p
p,r,i,m,y
p,r,i,n,k
p,r,i,n,t
p,r,i,o,n
p,r,i,o,r
p,r,i,s,e
p,r,i,s,m
p,r,i,s,s
p,r,i,v,y
p,r,i,z,e
p,r,o,b,e
p,r,o,e,m
p,r,o,i,n
p,r,o,k,e
p,r,o,l,e
p,r,o,l,l
p,r,o,m,o
p,r,o,n,e
p,r,o,n,g
p,r,o,n,k
p,r,o,o,f
p,r,o,r,e
p,r,o,s,e
p,r,o,s,o
p,r,o,s,t
p,r,o,s,y
p,r,o,t,o
p,r,o,u,d
p,r,o,u,l
p,r,o,v,e
p,r,o,w,l
p,r,o,x,y
p,r,o,y,n
p,r,u,d,e
p,r,u,n,e
p,r,u,n,t
p,r,u,t,a
p,r,y,e,r
p,r,y,s,e
p,s,a,l,m
p,s,e,u,d
p,s,h,a,w
p,s,i,o,n
p,s,o,a,e
p,s,o,a,i
p,s,o,a,s
p,s,o,r,a
p,s,y,c,h
p,s,y,o,p
p,u,b,c,o
p,u,b,i,c
p,u,b,i,s
p,u,c,a,n
p,u,c,e,r
p,u,c,k,a
p,u,d,d,y
p,u,d,g,e
p,u,d,g,y
p,u,d,i,c
p,u,d,o,r
p,u,d,s,y
p,u,f,f,a
p,u,f,f,y
p,u,g,g,y
p,u,g,i,l
p,u,j,a,h
p,u,k,e,d
p,u,k,e,r
p,u,k,e,y
p,u,k,k,a
p,u,l,a,o
p,u,l,e,d
p,u,l,e,r
p,u,l,i,k
p,u,l,k,a
p,u,l,l,i
p,u,l,l,y
p,u,l,m,o
p,u,l,p,y
p,u,l,s,e
p,u,m,i,e
p,u,n,c,e
p,u,n,c,h
p,u,n,g,a
p,u,n,j,i
p,u,n,k,a
p,u,n,k,y
p,u,n,n,y
p,u,n,t,o
p,u,n,t,y
p,u,p,a,e
p,u,p,a,l
p,u,p,i,l
p,u,p,p,y
p,u,r,d,a
p,u,r,e,d
p,u,r,e,e
p,u,r,e,r
p,u,r,g,e
p,u,r,i,n
p,u,r,p,y
p,u,r,s,e
p,u,r,s,y
p,u,r,t,y
p,u,s,e,s
p,u,s,h,y
p,u,s,l,e
p,u,s,s,y
p,u,t,i,d
p,u,t,o,n
p,u,t,t,i
p,u,t,t,o
p,u,t,t,y
p,u,z,e,l
p,w,n,e,d
p,y,g,a,l
p,y,g,m,y
p,y,l,o,n
p,y,n,e,d
p,y,o,i,d
p,y,r,a,l
p,y,r,a,n
p,y,r,e,x
p,y,r,i,c
p,y,x,e,d
p,y,x,e,s
p,y,x,i,e
p,y,x,i,s
p,z,a,z,z
q,a,j,a,q
q,a,n,a,t
q,a,p,i,k
q,i,b,l,a
q,o,r,m,a
q,u,a,c,k
q,u,a,f,f
q,u,a,i,l
q,u,a,i,r
q,u,a,k,e
q,u,a,k,y
q,u,a,l,e
q,u,a,l,m
q,u,a,n,t
q,u,a,r,e
q,u,a,r,k
q,u,a,r,t
q,u,a,s,h
q,u,a,s,i
q,u,a,s,s
q,u,a,t,e
q,u,a,y,d
q,u,b,i,t
q,u,e,a,n
q,u,e,e,n
q,u,e,e,r
q,u,e,l,l
q,u,e,m,e
q,u,e,n,a
q,u,e,r,n
q,u,e,r,y
q,u,e,s,t
q,u,e,u,e
q,u,e,y,n
q,u,i,c,h
q,u,i,c,k
q,u,i,e,t
q,u,i,f,f
q,u,i,l,l
q,u,i,l,t
q,u,i,n,a
q,u,i,n,e
q,u,i,n,o
q,u,i,n,t
q,u,i,p,o
q,u,i,p,u
q,u,i,r,e
q,u,i,r,k
q,u,i,r,t
q,u,i,s,t
q,u,i,t,e
q,u,o,a,d
q,u,o,i,f
q,u,o,i,n
q,u,o,i,t
q,u,o,l,l
q,u,o,n,k
q,u,o,t,a
q,u,o,t,e
q,u,o,t,h
q,u,r,s,h
q,u,y,t,e
r,a,b,a,t
r,a,b,b,i
r,a,b,i,c
r,a,b,i,d
r,a,c,e,d
r,a,c,e,r
r,a,c,h,e
r,a,c,o,n
r,a,d,a,r
r,a,d,g,e
r,a,d,i,i
r,a,d,i,o
r,a,d,i,x
r,a,d,o,n
r,a,g,d,e
r,a,g,e,d
r,a,g,e,e
r,a,g,e,r
r,a,g,g,a
r,a,g,g,y
r,a,h,e,d
r,a,h,u,i
r,a,i,l,e
r,a,i,n,e
r,a,i,n,y
r,a,i,r,d
r,a,i,s,e
r,a,i,t,a
r,a,j,a,h
r,a,j,e,s
r,a,k,e,d
r,a,k,e,e
r,a,k,e,r
r,a,k,i,a
r,a,l,l,y
r,a,l,p,h
r,a,m,a,l
r,a,m,e,e
r,a,m,e,n
r,a,m,e,t
r,a,m,i,e
r,a,m,i,n
r,a,m,m,y
r,a,m,u,s
r,a,n,c,e
r,a,n,c,h
r,a,n,d,y
r,a,n,e,e
r,a,n,g,a
r,a,n,g,e
r,a,n,g,i
r,a,n,g,y
r,a,n,i,d
r,a,n,k,e
r,a,p,e,d
r,a,p,e,r
r,a,p,h,e
r,a,p,i,d
r,a,p,p,e
r,a,r,e,d
r,a,r,e,e
r,a,r,e,r
r,a,s,e,d
r,a,s,e,r
r,a,s,p,y
r,a,s,s,e
r,a,s,t,a
r,a,t,a,l
r,a,t,a,n
r,a,t,c,h
r,a,t,e,d
r,a,t,e,l
r,a,t,e,r
r,a,t,h,a
r,a,t,h,e
r,a,t,i,o
r,a,t,o,o
r,a,t,t,y
r,a,u,p,o
r,a,v,e,d
r,a,v,e,l
r,a,v,e,n
r,a,v,e,r
r,a,v,e,y
r,a,v,i,n
r,a,w,e,r
r,a,w,i,n
r,a,w,l,y
r,a,x,e,d
r,a,x,e,s
r,a,y,a,h
r,a,y,e,d
r,a,y,l,e
r,a,y,n,e
r,a,y,o,n
r,a,z,e,d
r,a,z,e,e
r,a,z,e,r
r,a,z,o,o
r,a,z,o,r
r,e,a,c,h
r,e,a,c,t
r,e,a,d,d
r,e,a,d,y
r,e,a,i,s
r,e,a,l,m
r,e,a,l,o
r,e,a,m,e
r,e,a,m,y
r,e,a,r,m
r,e,a,s,t
r,e,a,t,a
r,e,a,t,e
r,e,a,v,e
r,e,b,a,r
r,e,b,b,e
r,e,b,e,c
r,e,b,e,l
r,e,b,i,d
r,e,b,i,t
r,e,b,o,p
r,e,b,u,s
r,e,b,u,t
r,e,b,u,y
r,e,c,a,l
r,e,c,a,p
r,e,c,c,e
r,e,c,c,o
r,e,c,c,y
r,e,c,i,t
r,e,c,o,n
r,e,c,t,a
r,e,c,t,i
r,e,c,t,o
r,e,c,u,r
r,e,c,u,t
r,e,d,a,n
r,e,d,d,y
r,e,d,e,d
r,e,d,i,a
r,e,d,i,d
r,e,d,i,p
r,e,d,l,y
r,e,d,o,n
r,e,d,o,x
r,e,d,r,y
r,e,d,u,b
r,e,d,u,x
r,e,d,y,e
r,e,e,c,h
r,e,e,d,e
r,e,e,d,y
r,e,e,f,y
r,e,e,k,y
r,e,e,s,t
r,e,e,v,e
r,e,f,e,d
r,e,f,e,l
r,e,f,e,r
r,e,f,f,o
r,e,f,i,t
r,e,f,i,x
r,e,f,l,y
r,e,f,r,y
r,e,g,a,l
r,e,g,a,r
r,e,g,e,s
r,e,g,g,o
r,e,g,i,e
r,e,g,m,a
r,e,g,n,a
r,e,g,u,r
r,e,h,a,b
r,e,h,e,m
r,e,i,f,y
r,e,i,g,n
r,e,i,k,i
r,e,i,n,k
r,e,i,r,d
r,e,i,s,t
r,e,i,v,e
r,e,j,i,g
r,e,j,o,n
r,e,k,e,d
r,e,k,e,y
r,e,l,a,x
r,e,l,a,y
r,e,l,e,t
r,e,l,i,c
r,e,l,i,e
r,e,l,i,t
r,e,l,l,o
r,e,m,a,n
r,e,m,a,p
r,e,m,e,n
r,e,m,e,t
r,e,m,e,x
r,e,m,i,t
r,e,m,i,x
r,e,n,a,l
r,e,n,a,y
r,e,n,e,w
r,e,n,e,y
r,e,n,g,a
r,e,n,i,g
r,e,n,i,n
r,e,n,n,e
r,e,n,t,e
r,e,o,i,l
r,e,o,r,g
r,e,p,a,y
r,e,p,e,g
r,e,p,e,l
r,e,p,i,n
r,e,p,l,a
r,e,p,l,y
r,e,p,o,t
r,e,p,r,o
r,e,r,a,n
r,e,r,i,g
r,e,r,u,n
r,e,s,a,t
r,e,s,a,w
r,e,s,a,y
r,e,s,e,e
r,e,s,e,s
r,e,s,e,t
r,e,s,e,w
r,e,s,i,d
r,e,s,i,n
r,e,s,i,t
r,e,s,o,d
r,e,s,o,w
r,e,s,t,o
r,e,s,t,y
r,e,s,u,s
r,e,t,a,g
r,e,t,a,x
r,e,t,c,h
r,e,t,e,m
r,e,t,i,a
r,e,t,i,e
r,e,t,o,x
r,e,t,r,o
r,e,t,r,y
r,e,u,s,e
r,e,v,e,l
r,e,v,e,t
r,e,v,i,e
r,e,v,u,e
r,e,w,a,n
r,e,w,a,x
r,e,w,e,d
r,e,w,e,t
r,e,w,i,n
r,e,w,o,n
r,e,w,t,h
r,e,x,e,s
r,e,z,e,s
r,h,e,m,e
r,h,e,u,m
r,h,i,e,s
r,h,i,m,e
r,h,i,n,e
r,h,i,n,o
r,h,o,d,y
r,h,o,m,b
r,h,o,n,e
r,h,u,m,b
r,h,y,m,e
r,h,y,n,e
r,h,y,t,a
r,i,a,n,t
r,i,a,t,a
r,i,b,b,y
r,i,b,e,s
r,i,c,e,d
r,i,c,e,r
r,i,c,e,y
r,i,c,h,t
r,i,c,i,n
r,i,d,e,r
r,i,d,g,e
r,i,d,g,y
r,i,d,i,c
r,i,e,v,e
r,i,f,e,r
r,i,f,l,e
r,i,f,t,e
r,i,f,t,y
r,i,g,h,t
r,i,g,i,d
r,i,g,o,l
r,i,g,o,r
r,i,l,e,d
r,i,l,e,y
r,i,l,l,e
r,i,m,a,e
r,i,m,e,d
r,i,m,e,r
r,i,n,d,y
r,i,n,s,e
r,i,o,j,a
r,i,p,e,d
r,i,p,e,n
r,i,p,e,r
r,i,s,e,n
r,i,s,e,r
r,i,s,h,i
r,i,s,k,y
r,i,s,u,s
r,i,t,z,y
r,i,v,a,l
r,i,v,e,d
r,i,v,e,l
r,i,v,e,n
r,i,v,e,r
r,i,v,e,t
r,i,y,a,l
r,o,a,c,h
r,o,a,r,y
r,o,a,s,t
r,o,a,t,e
r,o,b,e,d
r,o,b,i,n
r,o,b,l,e
r,o,b,o,t
r,o,c,k,y
r,o,d,e,d
r,o,d,e,o
r,o,g,e,r
r,o,g,u,e
r,o,g,u,y
r,o,i,l,y
r,o,i,s,t
r,o,j,a,k
r,o,k,e,d
r,o,k,e,r
r,o,l,a,g
r,o,m,a,l
r,o,m,a,n
r,o,m,e,o
r,o,n,d,e
r,o,n,d,o
r,o,n,e,o
r,o,n,i,n
r,o,n,n,e
r,o,n,t,e
r,o,o,f,y
r,o,o,k,y
r,o,o,m,y
r,o,o,p,y
r,o,o,s,a
r,o,o,s,e
r,o,o,s,t
r,o,o,t,y
r,o,p,e,d
r,o,p,e,r
r,o,p,e,y
r,o,q,u,e
r,o,r,a,l
r,o,r,i,c
r,o,r,i,d
r,o,r,i,e
r,o,r,t,y
r,o,s,e,d
r,o,s,e,t
r,o,s,h,i
r,o,s,i,n
r,o,s,i,t
r,o,s,t,i
r,o,t,a,l
r,o,t,a,n
r,o,t,c,h
r,o,t,e,d
r,o,t,o,n
r,o,t,o,r
r,o,t,t,e
r,o,u,e,n
r,o,u,g,e
r,o,u,g,h
r,o,u,l,e
r,o,u,n,d
r,o,u,p,y
r,o,u,s,e
r,o,u,s,t
r,o,u,t,e
r,o,u,t,h
r,o,v,e,d
r,o,v,e,n
r,o,v,e,r
r,o,w,a,n
r,o,w,d,y
r,o,w,e,d
r,o,w,e,l
r,o,w,e,n
r,o,w,e,r
r,o,w,i,e
r,o,w,m,e
r,o,w,n,d
r,o,w,t,h
r,o,y,a,l
r,o,y,n,e
r,o,y,s,t
r,o,z,e,t
r,o,z,i,t
r,u,a,n,a
r,u,b,a,i
r,u,b,b,y
r,u,b,e,l
r,u,b,i,n
r,u,b,l,e
r,u,b,l,i
r,u,b,u,s
r,u,c,h,e
r,u,d,a,s
r,u,d,d,y
r,u,d,e,r
r,u,d,i,e
r,u,e,d,a
r,u,f,f,e
r,u,g,a,e
r,u,g,a,l
r,u,g,b,y
r,u,g,g,y
r,u,i,n,g
r,u,l,e,d
r,u,l,e,r
r,u,m,a,l
r,u,m,b,a
r,u,m,b,o
r,u,m,e,n
r,u,m,l,y
r,u,m,m,y
r,u,m,o,r
r,u,m,p,o
r,u,m,p,y
r,u,n,c,h
r,u,n,e,d
r,u,n,i,c
r,u,n,n,y
r,u,n,t,y
r,u,p,e,e
r,u,p,i,a
r,u,r,a,l
r,u,s,h,y
r,u,s,m,a
r,u,s,s,e
r,u,s,t,y
r,u,t,i,n
r,u,t,t,y
r,y,b,a,t
r,y,k,e,d
r,y,m,m,e
r,y,p,e,r
s,a,b,a,l
s,a,b,e,d
s,a,b,e,r
s,a,b,h,a
s,a,b,i,n
s,a,b,i,r
s,a,b,l,e
s,a,b,o,t
s,a,b,r,a
s,a,b,r,e
s,a,c,r,a
s,a,d,d,o
s,a,d,h,e
s,a,d,h,u
s,a,d,l,y
s,a,d,z,a
s,a,f,e,d
s,a,f,e,r
s,a,g,e,r
s,a,g,g,y
s,a,g,u,m
s,a,h,e,b
s,a,h,i,b
s,a,i,c,e
s,a,i,c,k
s,a,i,g,a
s,a,i,n,e
s,a,i,n,t
s,a,i,s,t
s,a,i,t,h
s,a,j,o,u
s,a,k,a,i
s,a,k,e,r
s,a,k,i,a
s,a,k,t,i
s,a,l,a,d
s,a,l,a,l
s,a,l,a,t
s,a,l,e,p
s,a,l,e,t
s,a,l,i,c
s,a,l,i,x
s,a,l,l,e
s,a,l,l,y
s,a,l,m,i
s,a,l,o,l
s,a,l,o,n
s,a,l,o,p
s,a,l,p,a
s,a,l,s,a
s,a,l,s,e
s,a,l,t,o
s,a,l,t,y
s,a,l,u,e
s,a,l,u,t
s,a,l,v,e
s,a,l,v,o
s,a,m,a,n
s,a,m,b,a
s,a,m,b,o
s,a,m,e,k
s,a,m,e,l
s,a,m,e,n
s,a,m,e,y
s,a,m,f,u
s,a,m,m,y
s,a,m,p,i
s,a,n,d,y
s,a,n,e,d
s,a,n,e,r
s,a,n,g,a
s,a,n,g,h
s,a,n,g,o
s,a,n,k,o
s,a,n,s,a
s,a,n,t,o
s,a,o,l,a
s,a,p,a,n
s,a,p,i,d
s,a,p,o,r
s,a,p,p,y
s,a,r,a,n
s,a,r,e,d
s,a,r,e,e
s,a,r,g,e
s,a,r,g,o
s,a,r,i,n
s,a,r,k,y
s,a,r,o,d
s,a,r,o,s
s,a,r,u,s
s,a,s,e,r
s,a,s,i,n
s,a,s,s,e
s,a,s,s,y
s,a,t,a,i
s,a,t,a,y
s,a,t,e,d
s,a,t,e,m
s,a,t,i,n
s,a,t,y,r
s,a,u,b,a
s,a,u,c,e
s,a,u,c,h
s,a,u,c,y
s,a,u,g,h
s,a,u,l,t
s,a,u,n,a
s,a,u,n,t
s,a,u,r,y
s,a,u,t,e
s,a,v,e,d
s,a,v,e,r
s,a,v,e,y
s,a,v,i,n
s,a,v,o,r
s,a,v,o,y
s,a,v,v,y
s,a,w,a,h
s,a,w,e,d
s,a,w,e,r
s,a,y,e,d
s,a,y,e,r
s,a,y,i,d
s,a,y,n,e
s,a,y,o,n
s,a,y,s,t
s,a,z,e,s
s,c,a,f,f
s,c,a,i,l
s,c,a,l,a
s,c,a,l,d
s,c,a,l,e
s,c,a,l,l
s,c,a,l,p
s,c,a,l,y
s,c,a,m,p
s,c,a,n,d
s,c,a,n,t
s,c,a,p,a
s,c,a,p,e
s,c,a,p,i
s,c,a,r,e
s,c,a,r,f
s,c,a,r,p
s,c,a,r,t
s,c,a,r,y
s,c,a,t,h
s,c,a,t,t
s,c,a,u,d
s,c,a,u,p
s,c,a,u,r
s,c,e,a,t
s,c,e,n,a
s,c,e,n,d
s,c,e,n,e
s,c,e,n,t
s,c,h,a,v
s,c,h,m,o
s,c,h,u,l
s,c,h,w,a
s,c,i,o,n
s,c,l,i,m
s,c,o,d,y
s,c,o,f,f
s,c,o,l,d
s,c,o,n,e
s,c,o,o,g
s,c,o,o,p
s,c,o,o,t
s,c,o,p,a
s,c,o,p,e
s,c,o,r,e
s,c,o,r,n
s,c,o,u,g
s,c,o,u,p
s,c,o,u,r
s,c,o,u,t
s,c,o,w,l
s,c,o,w,p
s,c,r,a,b
s,c,r,a,e
s,c,r,a,g
s,c,r,a,m
s,c,r,a,n
s,c,r,a,p
s,c,r,a,t
s,c,r,a,w
s,c,r,a,y
s,c,r,e,e
s,c,r,e,w
s,c,r,i,m
s,c,r,i,p
s,c,r,o,b
s,c,r,o,d
s,c,r,o,g
s,c,r,o,w
s,c,r,u,b
s,c,r,u,m
s,c,u,b,a
s,c,u,d,i
s,c,u,d,o
s,c,u,f,f
s,c,u,f,t
s,c,u,l,k
s,c,u,l,l
s,c,u,l,p
s,c,u,r,f
s,c,u,s,e
s,c,u,t,a
s,c,u,t,e
s,c,u,z,z
s,d,a,y,n
s,d,e,i,n
s,e,a,m,e
s,e,a,m,y
s,e,a,r,e
s,e,a,s,e
s,e,a,z,e
s,e,b,u,m
s,e,c,c,o
s,e,d,a,n
s,e,d,e,r
s,e,d,e,s
s,e,d,g,e
s,e,d,g,y
s,e,d,u,m
s,e,e,d,y
s,e,e,l,d
s,e,e,l,y
s,e,e,p,y
s,e,f,e,r
s,e,g,a,r
s,e,g,n,i
s,e,g,n,o
s,e,g,o,l
s,e,g,u,e
s,e,h,r,i
s,e,i,n,e
s,e,i,s,e
s,e,i,s,m
s,e,i,t,y
s,e,i,z,a
s,e,i,z,e
s,e,k,o,s
s,e,l,a,h
s,e,l,l,a
s,e,l,l,e
s,e,l,v,a
s,e,m,e,e
s,e,m,e,n
s,e,m,i,e
s,e,n,g,i
s,e,n,n,a
s,e,n,o,r
s,e,n,s,a
s,e,n,s,e
s,e,n,s,i
s,e,n,t,e
s,e,n,t,i
s,e,n,v,y
s,e,n,z,a
s,e,p,a,d
s,e,p,a,l
s,e,p,i,a
s,e,p,i,c
s,e,p,o,y
s,e,p,t,a
s,e,r,a,c
s,e,r,a,i
s,e,r,a,l
s,e,r,e,d
s,e,r,e,r
s,e,r,g,e
s,e,r,i,c
s,e,r,i,f
s,e,r,i,n
s,e,r,o,n
s,e,r,o,w
s,e,r,r,a
s,e,r,r,e
s,e,r,r,y
s,e,r,u,m
s,e,r,v,e
s,e,r,v,o
s,e,s,e,y
s,e,s,s,a
s,e,t,a,e
s,e,t,a,l
s,e,t,o,n
s,e,t,u,p
s,e,v,e,n
s,e,v,e,r
s,e,w,a,n
s,e,w,a,r
s,e,w,e,d
s,e,w,e,l
s,e,w,e,n
s,e,w,e,r
s,e,w,i,n
s,e,x,e,d
s,e,x,e,r
s,e,x,e,s
s,e,x,t,o
s,e,y,e,n
s,h,a,c,k
s,h,a,d,e
s,h,a,d,y
s,h,a,f,t
s,h,a,k,e
s,h,a,k,o
s,h,a,k,t
s,h,a,k,y
s,h,a,l,e
s,h,a,l,l
s,h,a,l,m
s,h,a,l,t
s,h,a,l,y
s,h,a,m,a
s,h,a,m,e
s,h,a,n,d
s,h,a,n,k
s,h,a,p,e
s,h,a,p,s
s,h,a,r,d
s,h,a,r,e
s,h,a,r,k
s,h,a,r,n
s,h,a,r,p
s,h,a,s,h
s,h,a,u,l
s,h,a,v,e
s,h,a,w,l
s,h,a,w,m
s,h,a,w,n
s,h,a,y,a
s,h,c,h,i
s,h,e,a,f
s,h,e,a,l
s,h,e,a,r
s,h,e,e,l
s,h,e,e,n
s,h,e,e,p
s,h,e,e,r
s,h,e,e,t
s,h,e,i,k
s,h,e,l,f
s,h,e,l,l
s,h,e,n,d
s,h,e,n,t
s,h,e,o,l
s,h,e,r,d
s,h,e,r,e
s,h,e,r,o
s,h,e,v,a
s,h,e,w,n
s,h,i,a,i
s,h,i,e,d
s,h,i,e,l
s,h,i,e,r
s,h,i,e,s
s,h,i,f,t
s,h,i,l,l
s,h,i,l,y
s,h,i,n,e
s,h,i,n,y
s,h,i,r,e
s,h,i,r,k
s,h,i,r,r
s,h,i,r,t
s,h,i,s,h
s,h,i,s,o
s,h,i,s,t
s,h,i,t,e
s,h,i,u,r
s,h,i,v,a
s,h,i,v,e
s,h,l,e,p
s,h,l,u,b
s,h,m,e,k
s,h,m,o,e
s,h,o,a,l
s,h,o,a,t
s,h,o,c,k
s,h,o,e,d
s,h,o,e,r
s,h,o,g,i
s,h,o,j,i
s,h,o,j,o
s,h,o,l,a
s,h,o,n,e
s,h,o,o,k
s,h,o,o,l
s,h,o,o,n
s,h,o,o,t
s,h,o,p,e
s,h,o,r,e
s,h,o,r,l
s,h,o,r,n
s,h,o,r,t
s,h,o,t,e
s,h,o,t,t
s,h,o,u,t
s,h,o,v,e
s,h,o,w,d
s,h,o,w,n
s,h,o,w,y
s,h,o,y,u
s,h,r,e,d
s,h,r,e,w
s,h,r,o,w
s,h,r,u,b
s,h,r,u,g
s,h,t,i,k
s,h,t,u,m
s,h,t,u,p
s,h,u,c,k
s,h,u,l,e
s,h,u,l,n
s,h,u,n,t
s,h,u,r,a
s,h,u,s,h
s,h,u,t,e
s,h,y,e,r
s,h,y,l,y
s,i,b,y,l
s,i,c,h,t
s,i,c,k,o
s,i,c,k,y
s,i,d,e,d
s,i,d,e,r
s,i,d,h,a
s,i,d,h,e
s,i,d,l,e
s,i,e,g,e
s,i,e,l,d
s,i,e,n,t
s,i,e,t,h
s,i,e,u,r
s,i,e,v,e
s,i,g,h,t
s,i,g,i,l
s,i,g,l,a
s,i,g,m,a
s,i,g,n,a
s,i,k,e,r
s,i,l,e,d
s,i,l,e,n
s,i,l,e,r
s,i,l,e,x
s,i,l,k,y
s,i,l,l,y
s,i,l,t,y
s,i,l,v,a
s,i,m,a,r
s,i,m,b,a
s,i,m,u,l
s,i,n,c,e
s,i,n,e,d
s,i,n,e,w
s,i,n,g,e
s,i,n,k,y
s,i,n,u,s
s,i,p,e,d
s,i,p,p,y
s,i,r,e,d
s,i,r,e,e
s,i,r,e,n
s,i,r,i,h
s,i,r,o,c
s,i,r,r,a
s,i,r,u,p
s,i,s,a,l
s,i,s,e,s
s,i,s,s,y
s,i,s,t,a
s,i,t,a,r
s,i,t,e,d
s,i,t,h,e
s,i,t,k,a
s,i,t,u,p
s,i,t,u,s
s,i,v,e,r
s,i,x,e,r
s,i,x,e,s
s,i,x,m,o
s,i,x,t,e
s,i,x,t,h
s,i,x,t,y
s,i,z,a,r
s,i,z,e,d
s,i,z,e,l
s,i,z,e,r
s,k,a,i,l
s,k,a,l,d
s,k,a,n,k
s,k,a,r,t
s,k,a,t,e
s,k,a,t,t
s,k,e,a,n
s,k,e,a,r
s,k,e,e,d
s,k,e,e,f
s,k,e,e,n
s,k,e,e,r
s,k,e,e,t
s,k,e,g,g
s,k,e,i,n
s,k,e,l,f
s,k,e,l,l
s,k,e,l,m
s,k,e,l,p
s,k,e,n,e
s,k,i,e,d
s,k,i,e,r
s,k,i,e,s
s,k,i,e,y
s,k,i,f,f
s,k,i,l,l
s,k,i,m,o
s,k,i,m,p
s,k,i,n,k
s,k,i,n,t
s,k,i,r,l
s,k,i,r,r
s,k,i,r,t
s,k,i,t,e
s,k,i,v,e
s,k,i,v,y
s,k,l,i,m
s,k,o,a,l
s,k,o,d,y
s,k,o,f,f
s,k,o,o,l
s,k,o,r,t
s,k,o,s,h
s,k,r,a,n
s,k,r,i,k
s,k,u,l,k
s,k,u,l,l
s,k,u,n,k
s,k,y,e,d
s,k,y,e,r
s,k,y,e,y
s,k,y,r,e
s,k,y,t,e
s,l,a,c,k
s,l,a,d,e
s,l,a,i,d
s,l,a,i,n
s,l,a,k,e
s,l,a,n,e
s,l,a,n,g
s,l,a,n,k
s,l,a,n,t
s,l,a,r,t
s,l,a,s,h
s,l,a,t,e
s,l,a,t,y
s,l,a,v,e
s,l,e,e,k
s,l,e,e,p
s,l,e,e,r
s,l,e,e,t
s,l,e,p,t
s,l,i,c,e
s,l,i,c,k
s,l,i,d,e
s,l,i,e,r
s,l,i,l,y
s,l,i,m,e
s,l,i,m,y
s,l,i,n,g
s,l,i,n,k
s,l,i,p,e
s,l,i,p,t
s,l,i,s,h
s,l,i,v,e
s,l,o,a,n
s,l,o,i,d
s,l,o,j,d
s,l,o,m,o
s,l,o,o,m
s,l,o,o,p
s,l,o,o,t
s,l,o,p,e
s,l,o,p,y
s,l,o,r,m
s,l,o,s,h
s,l,o,t,h
s,l,o,v,e
s,l,o,y,d
s,l,u,b,b
s,l,u,e,d
s,l,u,f,f
s,l,u,i,t
s,l,u,m,p
s,l,u,n,g
s,l,u,n,k
s,l,u,r,b
s,l,u,r,p
s,l,u,s,e
s,l,u,s,h
s,l,y,e,r
s,l,y,l,y
s,l,y,p,e
s,m,a,a,k
s,m,a,c,k
s,m,a,i,k
s,m,a,l,l
s,m,a,l,m
s,m,a,l,t
s,m,a,r,m
s,m,a,r,t
s,m,a,s,h
s,m,a,z,e
s,m,e,a,r
s,m,e,e,k
s,m,e,i,k
s,m,e,k,e
s,m,e,l,l
s,m,e,l,t
s,m,e,r,k
s,m,i,l,e
s,m,i,r,k
s,m,i,r,r
s,m,i,t,e
s,m,i,t,h
s,m,o,c,k
s,m,o,k,e
s,m,o,k,o
s,m,o,k,y
s,m,o,l,t
s,m,o,o,r
s,m,o,o,t
s,m,o,r,e
s,m,o,r,g
s,m,o,t,e
s,m,o,u,t
s,m,o,w,t
s,m,u,s,h
s,n,a,c,k
s,n,a,f,u
s,n,a,i,l
s,n,a,k,e
s,n,a,k,y
s,n,a,r,e
s,n,a,r,f
s,n,a,r,k
s,n,a,r,l
s,n,a,r,y
s,n,a,s,h
s,n,a,t,h
s,n,e,a,d
s,n,e,a,k
s,n,e,a,p
s,n,e,c,k
s,n,e,e,d
s,n,e,e,r
s,n,e,l,l
s,n,i,c,k
s,n,i,d,e
s,n,i,e,s
s,n,i,f,f
s,n,i,f,t
s,n,i,p,e
s,n,i,p,y
s,n,i,r,t
s,n,o,e,k
s,n,o,e,p
s,n,o,k,e
s,n,o,o,d
s,n,o,o,k
s,n,o,o,l
s,n,o,o,p
s,n,o,o,t
s,n,o,r,e
s,n,o,r,t
s,n,o,u,t
s,n,o,w,k
s,n,o,w,y
s,n,u,c,k
s,n,u,f,f
s,n,u,s,h
s,o,a,p,y
s,o,a,r,e
s,o,a,v,e
s,o,b,e,r
s,o,c,e,s
s,o,c,k,o
s,o,c,l,e
s,o,d,d,y
s,o,d,i,c
s,o,d,o,m
s,o,f,a,r
s,o,f,t,a
s,o,f,t,y
s,o,g,e,r
s,o,g,g,y
s,o,h,u,r
s,o,i,l,y
s,o,k,a,h
s,o,k,e,n
s,o,k,o,l
s,o,l,a,h
s,o,l,a,n
s,o,l,a,r
s,o,l,d,e
s,o,l,d,i
s,o,l,d,o
s,o,l,e,d
s,o,l,e,i
s,o,l,e,r
s,o,l,i,d
s,o,l,o,n
s,o,l,u,m
s,o,l,u,s
s,o,l,v,e
s,o,m,a,n
s,o,n,a,r
s,o,n,c,e
s,o,n,d,e
s,o,n,i,c
s,o,n,l,y
s,o,n,n,e
s,o,n,n,y
s,o,n,s,e
s,o,n,s,y
s,o,o,e,y
s,o,o,k,y
s,o,o,l,e
s,o,o,t,e
s,o,o,t,h
s,o,o,t,y
s,o,p,h,y
s,o,p,o,r
s,o,p,p,y
s,o,p,r,a
s,o,r,a,l
s,o,r,b,o
s,o,r,d,a
s,o,r,d,o
s,o,r,e,d
s,o,r,e,e
s,o,r,e,l
s,o,r,e,r
s,o,r,e,x
s,o,r,g,o
s,o,r,r,a
s,o,r,r,y
s,o,r,t,a
s,o,r,u,s
s,o,t,o,l
s,o,u,c,e
s,o,u,c,t
s,o,u,g,h
s,o,u,n,d
s,o,u,p,y
s,o,u,s,e
s,o,u,t,h
s,o,w,a,r
s,o,w,c,e
s,o,w,e,d
s,o,w,e,r
s,o,w,f,f
s,o,w,l,e
s,o,w,n,d
s,o,w,n,e
s,o,w,s,e
s,o,w,t,h
s,o,y,l,e
s,o,y,u,z
s,o,z,i,n
s,p,a,c,e
s,p,a,c,y
s,p,a,d,e
s,p,a,d,o
s,p,a,e,d
s,p,a,e,r
s,p,a,h,i
s,p,a,i,l
s,p,a,i,n
s,p,a,i,t
s,p,a,k,e
s,p,a,l,d
s,p,a,l,e
s,p,a,l,l
s,p,a,l,t
s,p,a,n,e
s,p,a,n,g
s,p,a,n,k
s,p,a,r,d
s,p,a,r,e
s,p,a,r,k
s,p,a,r,t
s,p,a,s,m
s,p,a,t,e
s,p,a,u,l
s,p,a,w,l
s,p,a,w,n
s,p,a,y,d
s,p,a,z,a
s,p,a,z,z
s,p,e,a,k
s,p,e,a,l
s,p,e,a,n
s,p,e,a,r
s,p,e,a,t
s,p,e,c,k
s,p,e,c,t
s,p,e,e,d
s,p,e,e,l
s,p,e,e,r
s,p,e,i,l
s,p,e,i,r
s,p,e,l,d
s,p,e,l,k
s,p,e,l,l
s,p,e,l,t
s,p,e,n,d
s,p,e,n,t
s,p,e,o,s
s,p,e,r,m
s,p,e,u,g
s,p,e,w,y
s,p,i,a,l
s,p,i,c,a
s,p,i,c,e
s,p,i,c,k
s,p,i,c,y
s,p,i,d,e
s,p,i,e,d
s,p,i,e,l
s,p,i,e,r
s,p,i,f,f
s,p,i,k,e
s,p,i,k,y
s,p,i,l,e
s,p,i,l,l
s,p,i,l,t
s,p,i,n,a
s,p,i,n,e
s,p,i,n,k
s,p,i,n,y
s,p,i,r,e
s,p,i,r,t
s,p,i,r,y
s,p,i,t,e
s,p,i,t,z
s,p,l,a,t
s,p,l,a,y
s,p,l,i,t
s,p,l,o,g
s,p,o,d,e
s,p,o,i,l
s,p,o,k,e
s,p,o,o,f
s,p,o,o,k
s,p,o,o,l
s,p,o,o,m
s,p,o,o,n
s,p,o,o,r
s,p,o,o,t
s,p,o,r,e
s,p,o,r,k
s,p,o,r,t
s,p,o,s,h
s,p,o,u,t
s,p,r,a,d
s,p,r,a,g
s,p,r,a,t
s,p,r,a,y
s,p,r,e,d
s,p,r,e,e
s,p,r,e,w
s,p,r,i,g
s,p,r,i,t
s,p,r,o,d
s,p,r,o,g
s,p,r,u,e
s,p,r,u,g
s,p,u,e,d
s,p,u,e,r
s,p,u,l,e
s,p,u,m,e
s,p,u,m,y
s,p,u,n,k
s,p,u,r,n
s,p,u,r,t
s,p,u,t,a
s,p,y,a,l
s,p,y,r,e
s,q,u,a,b
s,q,u,a,d
s,q,u,a,t
s,q,u,a,w
s,q,u,e,g
s,q,u,i,b
s,q,u,i,d
s,q,u,i,t
s,q,u,i,z
s,t,a,c,k
s,t,a,d,e
s,t,a,f,f
s,t,a,g,e
s,t,a,g,y
s,t,a,i,d
s,t,a,i,g
s,t,a,i,n
s,t,a,i,r
s,t,a,k,e
s,t,a,l,e
s,t,a,l,k
s,t,a,l,l
s,t,a,m,p
s,t,a,n,d
s,t,a,n,e
s,t,a,n,g
s,t,a,n,k
s,t,a,p,h
s,t,a,r,e
s,t,a,r,k
s,t,a,r,n
s,t,a,r,r
s,t,a,r,t
s,t,a,s,h
s,t,a,t,e
s,t,a,u,n
s,t,a,v,e
s,t,e,a,d
s,t,e,a,k
s,t,e,a,l
s,t,e,a,m
s,t,e,a,n
s,t,e,a,r
s,t,e,d,d
s,t,e,d,e
s,t,e,e,d
s,t,e,e,k
s,t,e,e,l
s,t,e,e,m
s,t,e,e,n
s,t,e,e,p
s,t,e,e,r
s,t,e,i,l
s,t,e,i,n
s,t,e,l,a
s,t,e,l,e
s,t,e,l,l
s,t,e,m,e
s,t,e,n,d
s,t,e,n,o
s,t,e,n,t
s,t,e,p,t
s,t,e,r,e
s,t,e,r,n
s,t,e,w,y
s,t,i,c,h
s,t,i,c,k
s,t,i,e,d
s,t,i,f,f
s,t,i,l,b
s,t,i,l,e
s,t,i,l,l
s,t,i,l,t
s,t,i,m,e
s,t,i,m,y
s,t,i,n,g
s,t,i,n,k
s,t,i,n,t
s,t,i,p,a
s,t,i,p,e
s,t,i,r,e
s,t,i,r,k
s,t,i,r,p
s,t,i,v,e
s,t,i,v,y
s,t,o,a,e
s,t,o,a,i
s,t,o,a,t
s,t,o,c,k
s,t,o,e,p
s,t,o,g,y
s,t,o,i,c
s,t,o,i,t
s,t,o,k,e
s,t,o,l,e
s,t,o,l,n
s,t,o,m,a
s,t,o,m,p
s,t,o,n,d
s,t,o,n,e
s,t,o,n,g
s,t,o,n,k
s,t,o,n,n
s,t,o,n,y
s,t,o,o,d
s,t,o,o,k
s,t,o,o,l
s,t,o,o,p
s,t,o,o,r
s,t,o,p,e
s,t,o,p,t
s,t,o,r,e
s,t,o,r,k
s,t,o,r,m
s,t,o,r,y
s,t,o,s,s
s,t,o,t,t
s,t,o,u,n
s,t,o,u,p
s,t,o,u,r
s,t,o,u,t
s,t,o,v,e
s,t,o,w,n
s,t,o,w,p
s,t,r,a,d
s,t,r,a,e
s,t,r,a,g
s,t,r,a,k
s,t,r,a,p
s,t,r,a,w
s,t,r,a,y
s,t,r,e,p
s,t,r,e,w
s,t,r,i,a
s,t,r,i,g
s,t,r,i,m
s,t,r,i,p
s,t,r,o,p
s,t,r,o,w
s,t,r,o,y
s,t,r,u,m
s,t,r,u,t
s,t,u,c,k
s,t,u,d,e
s,t,u,d,y
s,t,u,f,f
s,t,u,l,l
s,t,u,l,m
s,t,u,m,m
s,t,u,m,p
s,t,u,n,g
s,t,u,n,k
s,t,u,n,t
s,t,u,p,a
s,t,u,p,e
s,t,u,r,e
s,t,u,r,t
s,t,y,e,d
s,t,y,l,e
s,t,y,l,i
s,t,y,l,o
s,t,y,m,e
s,t,y,m,y
s,t,y,r,e
s,t,y,t,e
s,u,a,v,e
s,u,b,a,h
s,u,b,b,y
s,u,b,e,r
s,u,b,h,a
s,u,c,c,i
s,u,c,k,y
s,u,c,r,e
s,u,d,o,r
s,u,d,s,y
s,u,e,d,e
s,u,e,n,t
s,u,e,t,e
s,u,e,t,y
s,u,g,a,n
s,u,g,a,r
s,u,h,u,r
s,u,i,n,g
s,u,i,n,t
s,u,i,t,e
s,u,j,e,e
s,u,k,u,k
s,u,l,c,i
s,u,l,f,a
s,u,l,f,o
s,u,l,k,y
s,u,l,l,y
s,u,l,p,h
s,u,m,a,c
s,u,m,m,a
s,u,m,p,h
s,u,n,n,a
s,u,n,n,y
s,u,n,u,p
s,u,p,e,r
s,u,p,r,a
s,u,r,a,h
s,u,r,a,l
s,u,r,a,t
s,u,r,e,d
s,u,r,e,r
s,u,r,f,y
s,u,r,g,e
s,u,r,g,y
s,u,r,l,y
s,u,r,r,a
s,u,s,e,d
s,u,s,e,s
s,u,s,h,i
s,u,t,o,r
s,u,t,r,a
s,u,t,t,a
s,w,a,c,k
s,w,a,g,e
s,w,a,i,l
s,w,a,i,n
s,w,a,l,e
s,w,a,l,y
s,w,a,m,i
s,w,a,m,p
s,w,a,m,y
s,w,a,n,g
s,w,a,n,k
s,w,a,p,t
s,w,a,r,d
s,w,a,r,e
s,w,a,r,f
s,w,a,r,m
s,w,a,r,t
s,w,a,s,h
s,w,a,t,h
s,w,a,y,l
s,w,e,a,l
s,w,e,a,r
s,w,e,a,t
s,w,e,d,e
s,w,e,e,d
s,w,e,e,l
s,w,e,e,p
s,w,e,e,r
s,w,e,e,t
s,w,e,i,r
s,w,e,l,l
s,w,e,l,t
s,w,e,p,t
s,w,e,r,f
s,w,i,e,s
s,w,i,f,t
s,w,i,l,e
s,w,i,l,l
s,w,i,n,e
s,w,i,n,g
s,w,i,n,k
s,w,i,p,e
s,w,i,r,e
s,w,i,r,l
s,w,i,s,h
s,w,i,s,s
s,w,i,t,h
s,w,i,t,s
s,w,i,v,e
s,w,i,z,z
s,w,o,l,e
s,w,o,l,n
s,w,o,o,n
s,w,o,o,p
s,w,o,p,t
s,w,o,r,d
s,w,o,r,e
s,w,o,r,n
s,w,o,u,n
s,w,u,n,g
s,y,b,b,e
s,y,b,i,l
s,y,b,o,e
s,y,b,o,w
s,y,c,e,e
s,y,c,o,n
s,y,k,e,r
s,y,l,p,h
s,y,l,v,a
s,y,m,a,r
s,y,n,c,h
s,y,n,e,d
s,y,n,o,d
s,y,n,t,h
s,y,p,e,d
s,y,r,a,h
s,y,r,e,n
s,y,r,u,p
s,y,s,o,p
s,y,t,h,e
s,y,v,e,r
t,a,a,t,a
t,a,b,b,y
t,a,b,e,r
t,a,b,e,s
t,a,b,i,d
t,a,b,l,a
t,a,b,l,e
t,a,b,o,o
t,a,b,o,r
t,a,b,u,n
t,a,c,a,n
t,a,c,e,t
t,a,c,h,e
t,a,c,h,o
t,a,c,i,t
t,a,c,k,y
t,a,f,f,y
t,a,f,i,a
t,a,g,g,y
t,a,g,m,a
t,a,i,g,a
t,a,i,k,o
t,a,i,n,t
t,a,i,r,a
t,a,i,s,h
t,a,j,e,s
t,a,k,e,n
t,a,k,e,r
t,a,k,h,i
t,a,k,i,n
t,a,k,k,y
t,a,l,a,k
t,a,l,a,q
t,a,l,a,r
t,a,l,c,y
t,a,l,e,a
t,a,l,e,r
t,a,l,k,y
t,a,l,l,y
t,a,l,m,a
t,a,l,o,n
t,a,l,p,a
t,a,l,u,k
t,a,l,u,s
t,a,m,a,l
t,a,m,e,d
t,a,m,e,r
t,a,m,i,n
t,a,m,i,s
t,a,m,m,y
t,a,n,g,a
t,a,n,g,i
t,a,n,g,o
t,a,n,g,y
t,a,n,k,a
t,a,n,k,y
t,a,n,n,a
t,a,n,s,y
t,a,n,t,i
t,a,n,t,o
t,a,n,t,y
t,a,p,e,d
t,a,p,e,n
t,a,p,e,r
t,a,p,e,t
t,a,p,i,r
t,a,p,i,s
t,a,p,p,a
t,a,r,d,o
t,a,r,d,y
t,a,r,e,d
t,a,r,g,a
t,a,r,g,e
t,a,r,o,c
t,a,r,o,k
t,a,r,o,t
t,a,r,r,e
t,a,r,r,y
t,a,r,s,i
t,a,r,t,y
t,a,s,a,r
t,a,s,e,d
t,a,s,e,r
t,a,s,s,a
t,a,s,s,e
t,a,s,s,o
t,a,s,t,e
t,a,s,t,y
t,a,t,a,r
t,a,t,e,r
t,a,t,i,e
t,a,t,o,u
t,a,t,t,y
t,a,u,b,e
t,a,u,l,d
t,a,u,n,t
t,a,u,o,n
t,a,u,p,e
t,a,v,a,h
t,a,v,e,r
t,a,w,a,i
t,a,w,e,d
t,a,w,e,r
t,a,w,i,e
t,a,w,n,y
t,a,w,s,e
t,a,x,e,d
t,a,x,e,r
t,a,x,e,s
t,a,x,o,l
t,a,x,o,n
t,a,x,o,r
t,a,x,u,s
t,a,y,r,a
t,a,z,z,a
t,a,z,z,e
t,e,a,c,h
t,e,a,d,e
t,e,a,e,d
t,e,a,r,y
t,e,a,s,e
t,e,a,z,e
t,e,c,h,y
t,e,c,t,a
t,e,d,d,y
t,e,e,n,d
t,e,e,n,e
t,e,e,n,y
t,e,e,t,h
t,e,g,u,a
t,e,i,i,d
t,e,i,n,d
t,e,l,a,e
t,e,l,c,o
t,e,l,e,x
t,e,l,i,a
t,e,l,i,c
t,e,l,l,y
t,e,l,o,i
t,e,l,o,s
t,e,m,e,d
t,e,m,p,i
t,e,m,p,o
t,e,m,p,t
t,e,m,s,e
t,e,n,c,h
t,e,n,d,u
t,e,n,e,t
t,e,n,g,e
t,e,n,i,a
t,e,n,n,e
t,e,n,n,o
t,e,n,n,y
t,e,n,o,n
t,e,n,o,r
t,e,n,s,e
t,e,n,t,h
t,e,n,t,y
t,e,n,u,e
t,e,p,a,l
t,e,p,e,e
t,e,p,i,d
t,e,p,o,y
t,e,r,a,i
t,e,r,a,s
t,e,r,c,e
t,e,r,e,k
t,e,r,e,s
t,e,r,f,e
t,e,r,g,a
t,e,r,n,e
t,e,r,r,a
t,e,r,r,y
t,e,r,s,e
t,e,r,t,s
t,e,s,l,a
t,e,s,t,a
t,e,s,t,e
t,e,s,t,y
t,e,t,r,a
t,e,t,r,i
t,e,u,c,h
t,e,u,g,h
t,e,w,e,d
t,e,w,e,l
t,e,w,i,t
t,e,x,a,s
t,e,x,e,s
t,h,a,c,k
t,h,a,g,i
t,h,a,i,m
t,h,a,l,e
t,h,a,l,i
t,h,a,n,a
t,h,a,n,e
t,h,a,n,g
t,h,a,n,k
t,h,a,n,x
t,h,a,r,m
t,h,a,w,y
t,h,e,b,e
t,h,e,c,a
t,h,e,e,d
t,h,e,e,k
t,h,e,f,t
t,h,e,g,n
t,h,e,i,c
t,h,e,i,n
t,h,e,i,r
t,h,e,l,f
t,h,e,m,a
t,h,e,m,e
t,h,e,o,w
t,h,e,r,e
t,h,e,r,m
t,h,e,s,e
t,h,e,s,p
t,h,e,t,a
t,h,e,t,e
t,h,e,w,y
t,h,i,c,k
t,h,i,e,f
t,h,i,g,h
t,h,i,l,k
t,h,i,l,l
t,h,i,n,e
t,h,i,n,g
t,h,i,n,k
t,h,i,o,l
t,h,i,r,d
t,h,i,r,l
t,h,o,f,t
t,h,o,l,e
t,h,o,l,i
t,h,o,n,g
t,h,o,r,n
t,h,o,r,o
t,h,o,r,p
t,h,o,s,e
t,h,o,w,l
t,h,r,a,e
t,h,r,a,w
t,h,r,e,e
t,h,r,e,w
t,h,r,i,d
t,h,r,i,p
t,h,r,o,b
t,h,r,o,e
t,h,r,o,w
t,h,r,u,m
t,h,u,j,a
t,h,u,m,b
t,h,u,m,p
t,h,u,n,k
t,h,u,r,l
t,h,u,y,a
t,h,y,m,e
t,h,y,m,i
t,h,y,m,y
t,i,a,r,a
t,i,b,i,a
t,i,c,a,l
t,i,c,c,a
t,i,c,e,d
t,i,c,h,y
t,i,c,k,y
t,i,d,a,l
t,i,d,d,y
t,i,d,e,d
t,i,g,e,r
t,i,g,h,t
t,i,g,o,n
t,i,k,k,a
t,i,l,a,k
t,i,l,d,e
t,i,l,e,d
t,i,l,e,r
t,i,l,l,y
t,i,l,t,h
t,i,m,b,o
t,i,m,e,d
t,i,m,e,r
t,i,m,i,d
t,i,m,o,n
t,i,m,p,s
t,i,n,c,t
t,i,n,e,a
t,i,n,e,d
t,i,n,g,e
t,i,n,n,y
t,i,n,t,y
t,i,p,p,y
t,i,p,s,y
t,i,r,e,d
t,i,t,a,n
t,i,t,c,h
t,i,t,e,r
t,i,t,h,e
t,i,t,l,e
t,i,t,r,e
t,i,t,t,y
t,i,t,u,p
t,i,y,i,n
t,i,z,e,s
t,i,z,z,y
t,o,a,d,y
t,o,a,s,t
t,o,a,z,e
t,o,c,k,y
t,o,d,a,y
t,o,d,d,e
t,o,d,d,y
t,o,f,f,y
t,o,g,a,e
t,o,g,e,d
t,o,g,u,e
t,o,i,l,e
t,o,i,n,g
t,o,i,s,e
t,o,k,a,y
t,o,k,e,d
t,o,k,e,n
t,o,k,e,r
t,o,l,a,n
t,o,l,a,r
t,o,l,e,d
t,o,l,l,y
t,o,l,y,l
t,o,m,a,n
t,o,m,i,a
t,o,m,m,y
t,o,n,a,l
t,o,n,d,i
t,o,n,d,o
t,o,n,e,d
t,o,n,e,r
t,o,n,e,y
t,o,n,g,a
t,o,n,i,c
t,o,n,k,a
t,o,n,n,e
t,o,n,u,s
t,o,o,t,h
t,o,p,a,z
t,o,p,e,d
t,o,p,e,e
t,o,p,e,k
t,o,p,e,r
t,o,p,h,e
t,o,p,h,i
t,o,p,i,c
t,o,p,o,i
t,o,p,p,y
t,o,q,u,e
t,o,r,a,h
t,o,r,a,n
t,o,r,c,h
t,o,r,i,c
t,o,r,i,i
t,o,r,o,t
t,o,r,s,e
t,o,r,s,i
t,o,r,s,k
t,o,r,s,o
t,o,r,t,a
t,o,r,t,e
t,o,r,u,s
t,o,s,e,d
t,o,s,h,y
t,o,s,s,y
t,o,t,a,l
t,o,t,e,d
t,o,t,e,m
t,o,t,e,r
t,o,t,t,y
t,o,u,c,h
t,o,u,g,h
t,o,u,s,e
t,o,u,s,y
t,o,u,z,e
t,o,u,z,y
t,o,w,e,d
t,o,w,e,l
t,o,w,e,r
t,o,w,i,e
t,o,w,n,y
t,o,w,s,e
t,o,w,s,y
t,o,w,z,e
t,o,w,z,y
t,o,x,i,c
t,o,x,i,n
t,o,y,e,d
t,o,y,e,r
t,o,y,o,n
t,o,z,e,d
t,o,z,i,e
t,r,a,b,s
t,r,a,c,e
t,r,a,c,k
t,r,a,c,t
t,r,a,d,e
t,r,a,g,i
t,r,a,i,k
t,r,a,i,l
t,r,a,i,n
t,r,a,i,t
t,r,a,m,p
t,r,a,n,k
t,r,a,n,q
t,r,a,n,s
t,r,a,n,t
t,r,a,p,e
t,r,a,p,t
t,r,a,s,h
t,r,a,s,s
t,r,a,t,t
t,r,a,v,e
t,r,a,w,l
t,r,a,y,f
t,r,e,a,d
t,r,e,a,t
t,r,e,c,k
t,r,e,e,d
t,r,e,e,n
t,r,e,f,a
t,r,e,i,f
t,r,e,m,a
t,r,e,n,d
t,r,e,s,t
t,r,e,y,f
t,r,i,a,c
t,r,i,a,d
t,r,i,a,l
t,r,i,b,e
t,r,i,c,e
t,r,i,c,k
t,r,i,d,e
t,r,i,e,d
t,r,i,e,r
t,r,i,f,f
t,r,i,g,o
t,r,i,k,e
t,r,i,l,d
t,r,i,l,l
t,r,i,n,e
t,r,i,o,l
t,r,i,o,r
t,r,i,p,e
t,r,i,p,y
t,r,i,s,t
t,r,i,t,e
t,r,o,a,d
t,r,o,a,k
t,r,o,a,t
t,r,o,c,k
t,r,o,d,e
t,r,o,i,s
t,r,o,k,e
t,r,o,l,l
t,r,o,m,p
t,r,o,n,a
t,r,o,n,c
t,r,o,n,e
t,r,o,n,k
t,r,o,o,p
t,r,o,o,z
t,r,o,p,e
t,r,o,t,h
t,r,o,u,t
t,r,o,v,e
t,r,u,c,e
t,r,u,c,k
t,r,u,e,d
t,r,u,e,r
t,r,u,g,o
t,r,u,l,l
t,r,u,l,y
t,r,u,m,p
t,r,u,n,k
t,r,u,s,s
t,r,u,s,t
t,r,u,t,h
t,r,y,e,r
t,r,y,k,e
t,r,y,m,a
t,r,y,s,t
t,s,a,d,e
t,s,a,d,i
t,s,k,e,d
t,s,u,b,a
t,s,u,b,o
t,u,a,r,t
t,u,a,t,h
t,u,b,a,e
t,u,b,a,l
t,u,b,a,r
t,u,b,b,y
t,u,b,e,d
t,u,b,e,r
t,u,f,f,e
t,u,f,t,y
t,u,g,r,a
t,u,i,l,e
t,u,i,n,a
t,u,i,s,m
t,u,k,t,u
t,u,l,i,p
t,u,l,l,e
t,u,l,p,a
t,u,l,s,i
t,u,m,i,d
t,u,m,m,y
t,u,m,o,r
t,u,m,p,y
t,u,n,e,d
t,u,n,e,r
t,u,n,i,c
t,u,n,n,y
t,u,p,e,k
t,u,p,i,k
t,u,p,l,e
t,u,q,u,e
t,u,r,b,o
t,u,r,f,y
t,u,r,m,e
t,u,r,n,t
t,u,r,p,s
t,u,s,h,y
t,u,s,k,y
t,u,t,e,e
t,u,t,o,r
t,u,t,t,i
t,u,t,t,y
t,u,x,e,s
t,u,y,e,r
t,w,a,i,n
t,w,a,n,g
t,w,a,n,k
t,w,e,a,k
t,w,e,e,d
t,w,e,e,l
t,w,e,e,n
t,w,e,e,p
t,w,e,e,r
t,w,e,e,t
t,w,e,r,k
t,w,e,r,p
t,w,i,c,e
t,w,i,e,r
t,w,i,l,l
t,w,i,l,t
t,w,i,n,e
t,w,i,n,k
t,w,i,n,y
t,w,i,r,e
t,w,i,r,l
t,w,i,r,p
t,w,i,s,t
t,w,i,t,e
t,w,i,x,t
t,w,o,e,r
t,w,y,e,r
t,y,i,n,g
t,y,i,y,n
t,y,l,e,r
t,y,n,d,e
t,y,n,e,d
t,y,p,a,l
t,y,p,e,d
t,y,p,e,y
t,y,p,i,c
t,y,p,t,o
t,y,r,a,n
t,y,r,e,d
t,y,t,h,e
u,d,d,e,r
u,g,a,l,i
u,g,g,e,d
u,h,l,a,n
u,h,u,r,u
u,k,a,s,e
u,l,a,m,a
u,l,c,e,r
u,l,e,m,a
u,l,m,i,n
u,l,n,a,d
u,l,n,a,e
u,l,n,a,r
u,l,p,a,n
u,l,t,r,a
u,l,y,i,e
u,l,z,i,e
u,m,a,m,i
u,m,b,e,l
u,m,b,e,r
u,m,b,l,e
u,m,b,r,a
u,m,b,r,e
u,m,i,a,c
u,m,i,a,k
u,m,i,a,q
u,m,m,a,h
u,m,m,e,d
u,m,p,e,d
u,m,p,i,e
u,m,p,t,y
u,m,r,a,h
u,n,a,p,t
u,n,a,r,m
u,n,a,r,y
u,n,b,a,g
u,n,b,a,n
u,n,b,a,r
u,n,b,e,d
u,n,b,i,d
u,n,b,o,x
u,n,c,a,p
u,n,c,i,a
u,n,c,l,e
u,n,c,o,y
u,n,c,u,s
u,n,c,u,t
u,n,d,a,m
u,n,d,e,e
u,n,d,e,r
u,n,d,i,d
u,n,d,u,e
u,n,d,u,g
u,n,e,t,h
u,n,f,e,d
u,n,f,i,t
u,n,f,i,x
u,n,g,a,g
u,n,g,e,t
u,n,g,o,d
u,n,g,o,t
u,n,g,u,m
u,n,h,a,t
u,n,h,i,p
u,n,i,c,a
u,n,i,f,y
u,n,i,o,n
u,n,i,t,e
u,n,i,t,y
u,n,j,a,m
u,n,k,e,d
u,n,k,e,t
u,n,k,i,d
u,n,l,a,w
u,n,l,a,y
u,n,l,e,d
u,n,l,e,t
u,n,l,i,d
u,n,l,i,t
u,n,m,a,n
u,n,m,e,t
u,n,m,e,w
u,n,m,i,x
u,n,p,a,y
u,n,p,e,g
u,n,p,e,n
u,n,p,i,n
u,n,r,e,d
u,n,r,i,d
u,n,r,i,g
u,n,r,i,p
u,n,s,a,w
u,n,s,a,y
u,n,s,e,e
u,n,s,e,t
u,n,s,e,w
u,n,s,e,x
u,n,s,o,d
u,n,t,a,x
u,n,t,i,e
u,n,t,i,l
u,n,t,i,n
u,n,w,e,d
u,n,w,e,t
u,n,w,i,t
u,n,w,o,n
u,n,z,i,p
u,p,b,o,w
u,p,b,y,e
u,p,d,r,y
u,p,e,n,d
u,p,j,e,t
u,p,l,a,y
u,p,l,e,d
u,p,l,i,t
u,p,p,e,d
u,p,p,e,r
u,p,r,a,n
u,p,r,u,n
u,p,s,e,e
u,p,s,e,t
u,p,s,e,y
u,p,t,a,k
u,p,t,e,r
u,p,t,i,e
u,r,a,e,i
u,r,a,l,i
u,r,a,r,e
u,r,a,r,i
u,r,a,s,e
u,r,a,t,e
u,r,b,a,n
u,r,b,e,x
u,r,b,i,a
u,r,d,e,e
u,r,e,a,l
u,r,e,d,o
u,r,e,i,c
u,r,e,n,a
u,r,e,n,t
u,r,g,e,d
u,r,g,e,r
u,r,i,a,l
u,r,i,n,e
u,r,i,t,e
u,r,m,a,n
u,r,n,a,l
u,r,n,e,d
u,r,p,e,d
u,r,s,a,e
u,r,s,i,d
u,r,s,o,n
u,r,u,b,u
u,s,a,g,e
u,s,h,e,r
u,s,i,n,g
u,s,n,e,a
u,s,q,u,e
u,s,u,a,l
u,s,u,r,e
u,s,u,r,p
u,s,u,r,y
u,t,e,r,i
u,t,i,l,e
u,t,t,e,r
u,v,e,a,l
u,v,u,l,a
v,a,c,u,a
v,a,d,e,d
v,a,g,a,l
v,a,g,u,e
v,a,g,u,s
v,a,i,r,e
v,a,i,r,y
v,a,k,a,s
v,a,k,i,l
v,a,l,e,t
v,a,l,i,d
v,a,l,o,r
v,a,l,s,e
v,a,l,u,e
v,a,l,v,e
v,a,m,p,y
v,a,n,d,a
v,a,n,e,d
v,a,p,e,d
v,a,p,e,r
v,a,p,i,d
v,a,p,o,r
v,a,r,a,n
v,a,r,d,y
v,a,r,e,c
v,a,r,i,a
v,a,r,i,x
v,a,r,n,a
v,a,r,u,s
v,a,r,v,e
v,a,s,a,l
v,a,s,t,y
v,a,t,i,c
v,a,u,c,h
v,a,u,l,t
v,a,u,n,t
v,a,u,t,e
v,a,w,t,e
v,a,x,e,s
v,e,a,l,e
v,e,a,l,y
v,e,e,n,a
v,e,e,r,y
v,e,g,a,n
v,e,g,e,s
v,e,g,i,e
v,e,h,m,e
v,e,i,l,y
v,e,i,n,y
v,e,l,a,r
v,e,l,d,t
v,e,l,u,m
v,e,n,a,e
v,e,n,a,l
v,e,n,d,u
v,e,n,e,y
v,e,n,g,e
v,e,n,i,n
v,e,n,o,m
v,e,n,u,e
v,e,n,u,s
v,e,r,g,e
v,e,r,r,a
v,e,r,r,y
v,e,r,s,e
v,e,r,s,o
v,e,r,s,t
v,e,r,t,u
v,e,r,v,e
v,e,s,p,a
v,e,s,t,a
v,e,t,c,h
v,e,x,e,d
v,e,x,e,r
v,e,x,e,s
v,e,x,i,l
v,e,z,i,r
v,i,a,n,d
v,i,b,e,x
v,i,b,e,y
v,i,c,a,r
v,i,c,e,d
v,i,c,h,y
v,i,d,e,o
v,i,e,w,y
v,i,f,d,a
v,i,g,i,a
v,i,g,i,l
v,i,g,o,r
v,i,l,d,e
v,i,l,e,r
v,i,l,l,a
v,i,l,l,i
v,i,m,e,n
v,i,n,a,l
v,i,n,c,a
v,i,n,e,d
v,i,n,e,r
v,i,n,e,w
v,i,n,i,c
v,i,n,y,l
v,i,o,l,a
v,i,o,l,d
v,i,p,e,r
v,i,r,a,l
v,i,r,e,d
v,i,r,e,o
v,i,r,g,a
v,i,r,g,e
v,i,r,i,d
v,i,r,t,u
v,i,r,u,s
v,i,s,e,d
v,i,s,i,e
v,i,s,i,t
v,i,s,n,e
v,i,s,o,n
v,i,s,o,r
v,i,s,t,a
v,i,s,t,o
v,i,t,a,e
v,i,t,a,l
v,i,t,e,x
v,i,t,r,o
v,i,t,t,a
v,i,v,a,t
v,i,v,d,a
v,i,v,e,r
v,i,v,i,d
v,i,x,e,n
v,i,z,i,r
v,i,z,o,r
v,l,i,e,s
v,o,c,a,b
v,o,c,a,l
v,o,c,e,s
v,o,d,d,y
v,o,d,k,a
v,o,d,o,u
v,o,d,u,n
v,o,e,m,a
v,o,g,i,e
v,o,g,u,e
v,o,i,c,e
v,o,i,l,a
v,o,i,l,e
v,o,l,a,e
v,o,l,a,r
v,o,l,e,d
v,o,l,e,t
v,o,l,t,a
v,o,l,t,e
v,o,l,t,i
v,o,l,v,a
v,o,l,v,e
v,o,m,e,r
v,o,m,i,t
v,o,t,e,d
v,o,t,e,r
v,o,u,c,h
v,o,u,g,e
v,o,u,l,u
v,o,w,e,d
v,o,w,e,l
v,o,w,e,r
v,o,x,e,l
v,o,z,h,d
v,r,a,i,c
v,r,o,o,m
v,r,o,u,w
v,u,g,g,y
v,u,g,h,y
v,u,l,g,o
v,u,l,v,a
v,u,t,t,y
v,y,i,n,g
w,a,c,k,e
w,a,c,k,o
w,a,c,k,y
w,a,d,d,y
w,a,d,e,d
w,a,d,e,r
w,a,d,g,e
w,a,f,e,r
w,a,g,e,d
w,a,g,e,r
w,a,g,g,a
w,a,g,o,n
w,a,g,y,u
w,a,h,o,o
w,a,i,d,e
w,a,i,f,t
w,a,i,s,t
w,a,i,t,e
w,a,i,v,e
w,a,k,e,d
w,a,k,e,n
w,a,k,e,r
w,a,l,d,o
w,a,l,e,d
w,a,l,e,r
w,a,l,i,e
w,a,l,l,a
w,a,l,l,y
w,a,l,t,y
w,a,l,t,z
w,a,m,e,d
w,a,m,u,s
w,a,n,e,d
w,a,n,e,y
w,a,n,k,y
w,a,n,l,e
w,a,n,l,y
w,a,n,n,a
w,a,n,t,y
w,a,n,z,e
w,a,r,b,y
w,a,r,e,d
w,a,r,e,z
w,a,r,r,e
w,a,r,s,t
w,a,r,t,y
w,a,s,h,y
w,a,s,p,y
w,a,s,t,e
w,a,t,a,p
w,a,t,c,h
w,a,t,e,r
w,a,u,f,f
w,a,u,g,h
w,a,u,l,k
w,a,v,e,d
w,a,v,e,r
w,a,v,e,y
w,a,x,e,d
w,a,x,e,n
w,a,x,e,r
w,a,x,e,s
w,a,y,e,d
w,a,z,i,r
w,a,z,o,o
w,e,a,l,d
w,e,a,m,b
w,e,a,r,y
w,e,a,v,e
w,e,b,b,y
w,e,b,e,r
w,e,c,h,t
w,e,d,e,l
w,e,d,g,e
w,e,d,g,y
w,e,e,d,y
w,e,e,k,e
w,e,e,n,y
w,e,e,p,y
w,e,e,s,t
w,e,e,t,e
w,e,f,t,e
w,e,i,g,h
w,e,i,r,d
w,e,i,s,e
w,e,i,z,e
w,e,l,c,h
w,e,l,k,e
w,e,l,k,t
w,e,l,l,y
w,e,l,s,h
w,e,n,c,h
w,e,n,g,e
w,e,n,n,y
w,e,r,s,h
w,e,t,l,y
w,e,x,e,d
w,h,a,c,k
w,h,a,l,e
w,h,a,m,o
w,h,a,n,g
w,h,a,r,e
w,h,a,r,f
w,h,a,t,a
w,h,a,u,p
w,h,a,u,r
w,h,e,a,l
w,h,e,a,r
w,h,e,a,t
w,h,e,e,l
w,h,e,e,n
w,h,e,e,p
w,h,e,f,t
w,h,e,l,k
w,h,e,l,m
w,h,e,l,p
w,h,e,r,e
w,h,i,c,h
w,h,i,f,f
w,h,i,f,t
w,h,i,l,e
w,h,i,l,k
w,h,i,n,e
w,h,i,n,y
w,h,i,p,t
w,h,i,r,l
w,h,i,r,r
w,h,i,s,h
w,h,i,s,k
w,h,i,s,s
w,h,i,s,t
w,h,i,t,e
w,h,i,t,y
w,h,i,z,z
w,h,o,l,e
w,h,o,m,p
w,h,o,o,f
w,h,o,o,p
w,h,o,o,t
w,h,o,r,e
w,h,o,r,l
w,h,o,r,t
w,h,o,s,e
w,h,o,s,o
w,h,u,m,p
w,h,y,d,a
w,i,c,c,a
w,i,c,k,y
w,i,d,d,y
w,i,d,e,n
w,i,d,e,r
w,i,d,o,w
w,i,d,t,h
w,i,e,l,d
w,i,f,e,d
w,i,f,e,y
w,i,f,i,e
w,i,f,t,y
w,i,g,a,n
w,i,g,g,a
w,i,g,g,y
w,i,g,h,t
w,i,l,c,o
w,i,l,e,d
w,i,l,g,a
w,i,l,j,a
w,i,l,l,y
w,i,m,p,y
w,i,n,c,e
w,i,n,c,h
w,i,n,d,y
w,i,n,e,d
w,i,n,e,y
w,i,n,g,e
w,i,n,g,y
w,i,n,n,a
w,i,n,z,e
w,i,p,e,d
w,i,p,e,r
w,i,r,e,d
w,i,r,e,r
w,i,r,r,a
w,i,s,e,d
w,i,s,e,r
w,i,s,h,a
w,i,s,h,t
w,i,s,p,y
w,i,t,a,n
w,i,t,c,h
w,i,t,e,d
w,i,t,h,e
w,i,t,h,y
w,i,t,t,y
w,i,v,e,d
w,i,v,e,r
w,i,z,e,n
w,i,z,e,s
w,o,a,l,d
w,o,d,g,e
w,o,f,u,l
w,o,j,u,s
w,o,k,e,n
w,o,k,e,r
w,o,k,k,a
w,o,l,l,y
w,o,l,v,e
w,o,m,a,n
w,o,m,b,y
w,o,m,e,n
w,o,m,y,n
w,o,n,g,a
w,o,n,g,i
w,o,n,k,y
w,o,o,d,y
w,o,o,e,d
w,o,o,e,r
w,o,o,f,y
w,o,o,l,d
w,o,o,l,y
w,o,o,p,s
w,o,o,p,y
w,o,o,s,e
w,o,o,s,h
w,o,o,t,z
w,o,o,z,y
w,o,r,d,y
w,o,r,l,d
w,o,r,m,y
w,o,r,r,y
w,o,r,s,e
w,o,r,s,t
w,o,r,t,h
w,o,u,l,d
w,o,u,n,d
w,o,v,e,n
w,o,w,e,d
w,o,w,e,e
w,o,x,e,n
w,r,a,c,k
w,r,a,n,g
w,r,a,p,t
w,r,a,s,t
w,r,a,t,e
w,r,a,t,h
w,r,a,w,l
w,r,e,a,k
w,r,e,c,k
w,r,e,s,t
w,r,i,c,k
w,r,i,e,d
w,r,i,e,r
w,r,i,e,s
w,r,i,n,g
w,r,i,s,t
w,r,i,t,e
w,r,o,k,e
w,r,o,n,g
w,r,o,o,t
w,r,o,t,e
w,r,o,t,h
w,r,u,n,g
w,r,y,e,r
w,r,y,l,y
w,u,d,d,y
w,u,r,s,t
w,u,s,e,s
w,u,s,h,u
w,u,s,s,y
w,u,x,i,a
w,y,l,e,d
w,y,t,e,d
x,e,b,e,c
x,e,n,i,a
x,e,n,i,c
x,e,n,o,n
x,e,r,i,c
x,e,r,o,x
x,e,r,u,s
x,o,a,n,a
x,y,l,a,n
x,y,l,e,m
x,y,l,i,c
x,y,l,o,l
x,y,l,y,l
x,y,s,t,i
y,a,b,b,a
y,a,b,b,y
y,a,c,c,a
y,a,c,h,t
y,a,c,k,a
y,a,g,e,r
y,a,h,o,o
y,a,i,r,d
y,a,k,k,a
y,a,k,o,w
y,a,m,e,n
y,a,m,p,y
y,a,m,u,n
y,a,p,o,k
y,a,p,o,n
y,a,p,p,y
y,a,r,a,k
y,a,r,c,o
y,a,r,e,r
y,a,r,f,a
y,a,r,t,a
y,a,r,t,o
y,a,u,l,d
y,a,w,e,d
y,a,w,e,y
y,a,w,n,y
y,b,o,r,e
y,c,l,a,d
y,c,l,e,d
y,c,o,n,d
y,d,r,a,d
y,d,r,e,d
y,e,a,l,m
y,e,a,r,d
y,e,a,r,n
y,e,a,s,t
y,e,c,c,h
y,e,c,h,y
y,e,e,s,h
y,e,n,t,a
y,e,n,t,e
y,e,r,b,a
y,e,s,e,s
y,e,s,t,y
y,e,u,k,y
y,e,v,e,n
y,e,w,e,n
y,e,x,e,d
y,e,x,e,s
y,f,e,r,e
y,i,e,l,d
y,i,k,e,d
y,i,n,c,e
y,i,p,p,y
y,i,r,t,h
y,i,t,i,e
y,l,i,k,e
y,m,o,l,t
y,o,b,b,o
y,o,b,b,y
y,o,d,e,l
y,o,d,l,e
y,o,g,e,e
y,o,g,i,c
y,o,g,i,n
y,o,i,c,k
y,o,j,a,n
y,o,k,e,d
y,o,k,e,l
y,o,k,e,r
y,o,k,u,l
y,o,l,k,y
y,o,m,i,m
y,o,n,i,c
y,o,n,k,s
y,o,u,n,g
y,o,u,r,n
y,o,u,r,t
y,o,u,s,e
y,o,u,t,h
y,o,w,e,d
y,o,w,i,e
y,o,w,z,a
y,r,a,p,t
y,r,e,n,t
y,r,i,v,d
y,r,n,e,h
y,s,a,m,e
y,t,o,s,t
y,u,c,c,a
y,u,c,c,h
y,u,c,k,o
y,u,c,k,y
y,u,k,e,d
y,u,k,k,y
y,u,l,a,n
y,u,m,m,o
y,u,m,m,y
y,u,p,o,n
y,u,p,p,y
y,u,r,t,a
z,a,b,r,a
z,a,i,d,a
z,a,i,d,y
z,a,i,r,e
z,a,k,a,t
z,a,m,a,n
z,a,m,b,o
z,a,m,i,a
z,a,n,j,a
z,a,n,t,e
z,a,n,z,a
z,a,n,z,e
z,a,p,p,y
z,a,x,e,s
z,a,y,i,n
z,a,z,e,n
z,e,b,e,c
z,e,b,r,a
z,e,b,u,b
z,e,n,d,o
z,e,r,d,a
z,e,s,t,y
z,e,x,e,s
z,h,o,m,o
z,i,b,e,t
z,i,g,a,n
z,i,l,c,h
z,i,l,l,a
z,i,m,b,i
z,i,n,c,o
z,i,n,c,y
z,i,n,e,b
z,i,n,g,y
z,i,n,k,e
z,i,n,k,y
z,i,p,p,o
z,i,p,p,y
z,i,r,a,m
z,i,z,e,l
z,i,z,i,t
z,l,o,t,e
z,l,o,t,y
z,o,a,e,a
z,o,c,c,o
z,o,e,a,e
z,o,e,a,l
z,o,i,s,m
z,o,i,s,t
z,o,m,b,i
z,o,n,a,e
z,o,n,a,l
z,o,n,d,a
z,o,n,e,d
z,o,n,e,r
z,o,o,e,a
z,o,o,e,y
z,o,o,i,d
z,o,o,k,s
z,o,o,t,y
z,o,p,p,a
z,o,p,p,o
z,o,r,i,l
z,o,r,r,o
z,o,w,e,e
z,o,w,i,e
z,u,p,a,n
z,u,p,p,a
z,u,z,i,m
z,y,g,a,l
z,y,g,o,n
z,y,m,i,c
